	x	y	Drug	Concentration	Growth
0	11.27805	-46.32719	abemaciclib	0.01	
1	14.062244	-42.56989	abemaciclib	0.1	
2	13.910163	-42.71911	abemaciclib	1.0	
3	14.2948265	-43.196968	abemaciclib	0.003	
4	14.181707	-42.93869	abemaciclib	0.03	
5	14.2730055	-42.434372	abemaciclib	0.3	
6	13.959841	-42.559788	abemaciclib	3.0	
7	13.92012	-42.873287	abemaciclib	30.0	
8	13.205535	-37.21329	ac480	0.01	
9	13.481754	-37.101643	ac480	0.1	
10	13.057633	-37.10887	ac480	1.0	
11	13.2165	-37.19363	ac480	0.003	
12	13.389105	-37.10035	ac480	0.03	
13	13.092862	-37.308475	ac480	0.3	
14	13.215838	-37.279163	ac480	3.0	
15	13.18642	-37.13353	ac480	30.0	
16	13.538828	-39.928806	actb1003	0.01	
17	13.916745	-40.216927	actb1003	0.1	
18	10.456768	-41.019974	actb1003	1.0	
19	13.975764	-40.21919	actb1003	0.003	
20	10.590284	-41.270695	actb1003	0.03	
21	10.476155	-41.199448	actb1003	0.3	
22	10.273833	-40.510845	actb1003	3.0	
23	10.379575	-40.421936	actb1003	30.0	
24	12.638426	-40.836487	aee788	0.01	
25	13.127742	-40.39669	aee788	0.1	
26	12.597197	-40.81377	aee788	1.0	
27	13.317933	-40.061676	aee788	0.003	
28	13.157421	-40.247963	aee788	0.03	
29	12.72596	-40.567448	aee788	0.3	
30	12.681861	-40.5824	aee788	3.0	
31	12.383113	-40.427933	aee788	30.0	
32	12.657738	-39.332134	aew541	0.01	
33	12.5789	-39.297676	aew541	0.1	
34	12.59992	-39.3304	aew541	1.0	
35	12.676912	-39.280807	aew541	0.003	
36	12.690861	-39.237633	aew541	0.03	
37	12.559959	-39.224182	aew541	0.3	
38	12.66523	-39.37821	aew541	3.0	
39	12.582046	-39.296467	aew541	30.0	
40	13.281419	-37.041573	afatinib	0.01	0.8331274268855342
41	13.372206	-37.08802	afatinib	0.1	0.6563108294899431
42	13.331633	-37.10708	afatinib	1.0	0.16958285012441443
43	13.269176	-37.086372	afatinib	0.003	0.8941341626465109
44	13.297546	-37.177956	afatinib	0.03	0.7612550611833697
45	13.372112	-37.01611	afatinib	0.3	0.5047313487911934
46	13.421333	-37.25043	afatinib	3.0	-0.5287227987403268
47	13.037439	-39.661125	afatinib	30.0	-0.8059325022289663
48	15.901897	-41.05887	alectinib	0.01	
49	15.941662	-41.21178	alectinib	0.1	
50	15.9854555	-41.607025	alectinib	1.0	
51	15.771289	-40.991135	alectinib	0.003	
52	16.17287	-41.17705	alectinib	0.03	
53	15.990854	-41.451546	alectinib	0.3	
54	16.001625	-41.60077	alectinib	3.0	
55	16.072212	-41.459393	alectinib	30.0	
56	14.828814	-39.73061	alisertib	0.01	0.8034487284478619
57	11.274345	-42.385307	alisertib	0.1	0.5181047722802369
58	11.183947	-42.044724	alisertib	1.0	0.13355453347110538
59	14.922935	-39.737267	alisertib	0.003	0.8810625439538184
60	11.269944	-42.364674	alisertib	0.03	0.6949777999464641
61	11.288369	-42.30981	alisertib	0.3	0.34626083741296804
62	11.406818	-42.119793	alisertib	3.0	-0.09367429812973356
63	11.308279	-42.090866	alisertib	30.0	-0.41320000561272646
64	15.1135	-41.90952	alvocidib	0.01	0.9474091613442761
65	15.030412	-41.945507	alvocidib	0.1	0.1343751473436065
66	14.852804	-42.18914	alvocidib	1.0	-0.5075213854652442
67	14.811229	-41.716263	alvocidib	0.003	0.9785113116481388
68	14.995285	-41.898556	alvocidib	0.03	0.8615103428976901
69	14.950401	-42.084114	alvocidib	0.3	-0.4534677053344443
70	14.903795	-42.18326	alvocidib	3.0	-0.5144141157842537
71	14.656213	-42.179306	alvocidib	30.0	-0.5173467264455653
72	16.189438	-37.470173	amg208	0.01	
73	16.121132	-37.52232	amg208	0.1	
74	16.118946	-37.53395	amg208	1.0	
75	16.134563	-37.53048	amg208	0.003	
76	16.146784	-37.466763	amg208	0.03	
77	16.114506	-37.524612	amg208	0.3	
78	16.111103	-37.510696	amg208	3.0	
79	16.091352	-37.55357	amg208	30.0	
80	14.499327	-40.709896	amg900	0.01	
81	11.008102	-41.985123	amg900	0.1	
82	14.483009	-41.2608	amg900	0.003	
83	14.327898	-40.99418	amg900	0.03	
84	11.114965	-41.95813	amg900	0.3	
85	11.09159	-41.910618	amg900	3.0	
86	11.35743	-41.6832	amg900	30.0	
87	10.986613	-38.81142	apatinib	0.01	
88	10.739422	-39.10334	apatinib	0.1	
89	10.8117	-38.87328	apatinib	1.0	
90	14.244334	-37.943066	apatinib	0.003	
91	10.7348995	-39.165104	apatinib	0.03	
92	10.755597	-39.053802	apatinib	0.3	
93	10.896772	-38.899597	apatinib	3.0	
94	11.335428	-38.55886	apatinib	30.0	
95	13.047291	-38.626953	apitolisib	0.01	
96	13.017824	-43.09009	apitolisib	0.1	
97	12.973835	-43.209106	apitolisib	1.0	
98	12.752831	-38.495583	apitolisib	0.003	
99	13.727233	-39.13038	apitolisib	0.03	
100	13.017373	-43.25702	apitolisib	0.3	
101	12.969763	-43.139084	apitolisib	3.0	
102	13.025116	-43.134754	apitolisib	30.0	
103	14.066067	-37.763393	arry380	0.01	
104	14.213832	-37.902077	arry380	0.1	
105	13.602384	-37.127697	arry380	1.0	
106	14.271164	-38.041306	arry380	0.003	
107	14.164651	-37.88759	arry380	0.03	
108	14.279049	-38.06237	arry380	0.3	
109	11.686308	-38.382763	arry380	3.0	
110	12.683555	-37.726006	arry380	30.0	
111	12.111581	-41.590252	asp3026	0.01	
112	11.853704	-41.525906	asp3026	0.1	
113	11.633042	-41.648716	asp3026	1.0	
114	11.900913	-41.391983	asp3026	0.003	
115	11.783602	-41.560856	asp3026	0.03	
116	11.649279	-41.810802	asp3026	0.3	
117	11.577892	-41.676888	asp3026	3.0	
118	11.928751	-41.582424	asp3026	30.0	
119	14.18794	-41.7678	at13148	0.01	
120	15.382539	-43.845676	at13148	0.1	
121	15.429762	-43.86648	at13148	1.0	
122	14.202507	-41.739803	at13148	0.003	
123	14.976944	-43.87906	at13148	0.03	
124	15.475591	-43.91806	at13148	0.3	
125	15.450241	-43.861378	at13148	3.0	
126	15.488788	-43.891933	at13148	30.0	
127	15.182629	-42.099617	at7519	0.01	0.9397547830423244
128	15.156453	-42.126232	at7519	0.1	0.3582708497648685
129	14.929349	-42.268803	at7519	1.0	-0.2974952675042754
130	15.3445015	-42.055237	at7519	0.003	0.9845237703668404
131	15.355117	-42.05909	at7519	0.03	0.7901041944692794
132	15.120416	-42.161674	at7519	0.3	-0.08176108988453148
133	15.011219	-42.23324	at7519	3.0	-0.34247611893812624
134	14.682245	-42.40369	at7519	30.0	-0.3551076900704355
135	14.229738	-40.86271	at9283	0.01	
136	12.318129	-42.57696	at9283	0.1	
137	12.387322	-42.68135	at9283	1.0	
138	14.277945	-40.642746	at9283	0.003	
139	12.444774	-42.24479	at9283	0.03	
140	12.25572	-42.57141	at9283	0.3	
141	12.2737255	-42.868946	at9283	3.0	
142	12.235367	-42.966747	at9283	30.0	
143	13.810679	-37.97544	av412	0.01	
144	13.178229	-37.233536	av412	0.1	
145	13.057539	-37.439926	av412	1.0	
146	13.063601	-39.784298	av412	0.003	
147	12.973645	-37.462257	av412	0.03	
148	13.019296	-37.463074	av412	0.3	
149	12.923378	-37.632492	av412	3.0	
150	12.856398	-37.974594	av412	30.0	
151	14.0093565	-40.011784	axitinib	0.01	0.9507635770869349
152	13.460083	-40.158337	axitinib	0.1	0.8721306002698866
153	10.348863	-41.29713	axitinib	1.0	0.4944076758039161
154	13.30949	-40.15152	axitinib	0.003	0.9718176971667185
155	13.380886	-40.081223	axitinib	0.03	0.9235781106646925
156	12.2674	-40.05382	axitinib	0.3	0.7724049916033235
157	10.436628	-41.415028	axitinib	3.0	0.012570945624475202
158	10.928964	-41.774765	axitinib	30.0	-0.4277584007390454
159	15.725548	-42.743526	azd1208	0.01	
160	15.66361	-42.7181	azd1208	0.1	
161	15.699678	-42.72701	azd1208	1.0	
162	15.663643	-42.70606	azd1208	0.003	
163	15.689464	-42.753445	azd1208	0.03	
164	15.636488	-42.746338	azd1208	0.3	
165	15.615626	-42.7572	azd1208	3.0	
166	15.598429	-42.783066	azd1208	30.0	
167	14.269627	-40.428585	azd1480	0.01	0.9840483229399047
168	14.1996975	-40.50002	azd1480	0.1	0.9307459103964819
169	11.882778	-43.405304	azd1480	1.0	0.6446746191452767
170	14.215093	-40.36901	azd1480	0.003	0.9921591201868356
171	14.291607	-40.650944	azd1480	0.03	0.9680490527236892
172	13.874892	-40.73993	azd1480	0.3	0.8562198754435838
173	11.929084	-43.365616	azd1480	3.0	0.15818191745872606
174	12.310412	-42.381268	azd1480	30.0	-0.5257578851435858
175	11.20784	-46.096226	azd2014	0.01	
176	11.418074	-45.96762	azd2014	0.1	
177	11.483705	-46.053226	azd2014	1.0	
178	11.631468	-46.106834	azd2014	0.003	
179	11.361354	-46.398605	azd2014	0.03	
180	11.352087	-46.294765	azd2014	0.3	
181	11.357201	-46.167248	azd2014	3.0	
182	11.48588	-46.13755	azd2014	30.0	
183	10.629561	-41.084015	azd4547	0.01	0.9556359428728857
184	10.573467	-41.256824	azd4547	0.1	0.8927518102966221
185	11.0512295	-41.248074	azd4547	1.0	0.5641782811820027
186	10.478535	-41.20104	azd4547	0.003	0.970670974402493
187	10.518551	-41.22649	azd4547	0.03	0.9338872116349703
188	10.907979	-41.153397	azd4547	0.3	0.8141312199864567
189	11.185264	-41.08387	azd4547	3.0	-0.15157089180053349
190	11.3492365	-41.250584	azd4547	30.0	-0.848616029050717
191	15.433221	-44.025436	azd5363	0.01	
192	15.708145	-43.965897	azd5363	0.1	
193	15.541127	-43.896088	azd5363	1.0	
194	14.386321	-43.271866	azd5363	0.003	
195	15.80118	-43.96641	azd5363	0.03	
196	15.541655	-43.934624	azd5363	0.3	
197	15.534965	-44.13685	azd5363	3.0	
198	15.666846	-44.049778	azd5363	30.0	
199	14.704689	-41.42037	azd5438	0.01	0.923557206010661
200	13.819598	-42.3739	azd5438	0.1	0.5218640916415457
201	14.501527	-42.997337	azd5438	1.0	-0.15243543430855055
202	13.907711	-42.376156	azd5438	0.003	0.9741601388204323
203	14.170225	-42.49702	azd5438	0.03	0.803983380583999
204	14.648453	-42.87929	azd5438	0.3	0.15299970595126774
205	14.343764	-42.6764	azd5438	3.0	-0.27658835668548104
206	13.735026	-42.529243	azd5438	30.0	-0.34224805354577564
207	12.865267	-44.68508	azd7762	0.01	0.7986038049427947
208	12.704183	-44.65068	azd7762	0.1	0.4060769804272065
209	12.046064	-43.420097	azd7762	1.0	-0.4610591046349487
210	14.43594	-40.34386	azd7762	0.003	0.895197904984388
211	12.876789	-44.6268	azd7762	0.03	0.6595272321160707
212	12.404879	-43.874916	azd7762	0.3	-0.11155006884283895
213	12.167197	-43.2399	azd7762	3.0	-0.6090846855340624
214	12.136561	-43.065132	azd7762	30.0	-0.713563307391571
215	14.235773	-46.09343	azd8330	0.01	
216	13.106411	-45.703266	azd8330	0.1	
217	13.259325	-46.315453	azd8330	1.0	
218	13.816674	-39.672344	azd8330	0.003	
219	13.908292	-46.32013	azd8330	0.03	
220	13.055031	-45.641247	azd8330	0.3	
221	13.487523	-45.746777	azd8330	3.0	
222	13.802568	-45.616577	azd8330	30.0	
223	11.302097	-39.764637	bafetinib	0.01	
224	11.273564	-39.40421	bafetinib	0.1	
225	11.127293	-39.657555	bafetinib	1.0	
226	11.394998	-39.67376	bafetinib	0.003	
227	11.27831	-39.655277	bafetinib	0.03	
228	11.170474	-39.55694	bafetinib	0.3	
229	11.12779	-39.66841	bafetinib	3.0	
230	11.28622	-39.772198	bafetinib	30.0	
231	14.776493	-39.78848	barasertib	0.01	0.8589948129645123
232	14.776215	-40.00762	barasertib	0.1	0.6501485590785822
233	11.594075	-42.69369	barasertib	1.0	0.4147768371065742
234	14.108176	-43.30166	barasertib	0.003	0.9098637719982295
235	14.827284	-39.71133	barasertib	0.03	0.7405868081531344
236	11.584265	-42.39478	barasertib	0.3	0.5568585593438503
237	13.946589	-43.277367	barasertib	3.0	0.16840858837436976
238	13.638698	-43.047283	barasertib	30.0	-0.36416148825164424
239	11.18964	-41.885067	barasertib_hqpa	0.01	
240	11.049986	-41.837296	barasertib_hqpa	0.1	
241	11.151023	-42.014977	barasertib_hqpa	1.0	
242	14.665083	-39.87802	barasertib_hqpa	0.003	
243	11.177078	-41.87577	barasertib_hqpa	0.03	
244	11.209194	-41.916428	barasertib_hqpa	0.3	
245	11.185775	-41.682972	barasertib_hqpa	3.0	
246	11.209942	-41.360573	barasertib_hqpa	30.0	
247	14.261255	-43.88028	baricitinib	0.01	
248	13.585691	-43.439194	baricitinib	0.1	
249	14.407453	-43.98893	baricitinib	1.0	
250	14.417106	-41.472603	baricitinib	0.003	
251	14.206042	-43.66727	baricitinib	0.03	
252	14.688128	-43.652893	baricitinib	0.3	
253	14.249719	-43.78813	baricitinib	3.0	
254	14.36885	-43.91441	baricitinib	30.0	
255	14.850387	-40.961727	bgt226	0.01	
256	14.899263	-40.88259	bgt226	0.1	
257	14.178927	-42.993687	bgt226	1.0	
258	14.893945	-40.833282	bgt226	0.003	
259	14.857421	-40.944496	bgt226	0.03	
260	14.956147	-41.061554	bgt226	0.3	
261	13.3618965	-43.183285	bgt226	3.0	
262	13.666032	-43.085148	bgt226	30.0	
263	14.047049	-40.303097	bi2536	0.01	0.1107335348322662
264	9.0799885	-39.65582	bi2536	0.1	-0.2143570417648937
265	9.021025	-39.637337	bi2536	1.0	-0.4321198656952426
266	13.929618	-40.41342	bi2536	0.003	0.4045645215740431
267	9.009578	-39.62946	bi2536	0.3	-0.3223776741187315
268	8.960022	-39.590363	bi2536	3.0	-0.534976121191036
269	9.028291	-39.64687	bi2536	30.0	-0.648718284996417
270	14.294898	-39.934483	bi847325	0.01	
271	11.890879	-41.88375	bi847325	0.1	
272	12.502527	-44.332756	bi847325	1.0	
273	14.104833	-40.102085	bi847325	0.003	
274	14.098982	-40.04158	bi847325	0.03	
275	11.362631	-42.355007	bi847325	0.3	
276	12.183791	-43.83355	bi847325	3.0	
277	11.891878	-42.953434	bi847325	30.0	
278	13.297604	-45.500164	binimetinib	0.01	
279	13.414096	-46.419876	binimetinib	0.1	
280	13.352503	-46.361694	binimetinib	1.0	
281	14.308366	-46.349453	binimetinib	0.003	
282	13.626825	-46.366837	binimetinib	0.03	
283	13.284577	-46.33986	binimetinib	0.3	
284	14.214541	-46.259056	binimetinib	3.0	
285	13.414893	-45.3002	binimetinib	30.0	
286	15.04593	-41.67611	bms387032	0.01	
287	15.070605	-41.956364	bms387032	0.1	
288	14.7821455	-42.311398	bms387032	1.0	
289	11.9362545	-44.98221	bms387032	0.003	
290	15.07808	-41.956554	bms387032	0.03	
291	14.927168	-42.070084	bms387032	0.3	
292	14.623007	-42.150555	bms387032	3.0	
293	14.636084	-42.396786	bms387032	30.0	
294	13.174091	-39.46482	bms690514	0.01	
295	13.155759	-39.25273	bms690514	0.1	
296	13.137354	-39.221684	bms690514	1.0	
297	13.003715	-39.50951	bms690514	0.003	
298	13.188707	-39.339592	bms690514	0.03	
299	13.223952	-39.1361	bms690514	0.3	
300	13.237774	-39.453922	bms690514	3.0	
301	13.1229515	-39.721535	bms690514	30.0	
302	11.039799	-43.75627	bms754807	0.01	0.8862462194777043
303	10.88827	-44.229343	bms754807	0.1	0.7275260650384991
304	10.931327	-43.785378	bms754807	1.0	0.1951273043719052
305	14.68374	-40.405357	bms754807	0.003	0.930733410674292
306	10.993903	-43.633404	bms754807	0.03	0.825279719420241
307	10.927088	-43.835827	bms754807	0.3	0.5770255202951503
308	10.992821	-43.842754	bms754807	3.0	-0.15420042730070982
309	11.094861	-43.542664	bms754807	30.0	-0.4303505187074576
310	14.129904	-39.80932	bms777607	0.01	
311	10.978208	-47.270916	bms777607	0.1	
312	10.324232	-40.658314	bms777607	1.0	
313	13.956909	-39.817455	bms777607	0.003	
314	10.604416	-47.124657	bms777607	0.03	
315	11.214235	-47.32597	bms777607	0.3	
316	10.427026	-40.656487	bms777607	3.0	
317	10.928696	-40.503536	bms777607	30.0	
318	13.3067045	-40.009293	bosutinib	0.01	0.9816669379159721
319	11.9991255	-40.22514	bosutinib	0.1	0.9087161467348641
320	11.879926	-40.37939	bosutinib	1.0	0.3904468940211804
321	13.901026	-39.818092	bosutinib	0.003	0.991475654450085
322	13.687406	-40.03419	bosutinib	0.03	0.9615325023530175
323	11.856978	-40.691277	bosutinib	0.3	0.785939711773363
324	11.891625	-40.332554	bosutinib	3.0	-0.3345252651449826
325	12.242807	-40.193607	bosutinib	30.0	-0.6203578498536121
326	12.129743	-44.43075	brivanib	0.01	0.9870199882905315
327	13.000477	-41.010254	brivanib	0.1	0.9580503237478865
328	12.118608	-44.191216	brivanib	1.0	0.7633405240597517
329	12.0364685	-43.050503	brivanib	0.003	0.9921300159417726
330	11.888755	-44.763214	brivanib	0.03	0.9783138018405858
331	13.221384	-40.889404	brivanib	0.3	0.9129721481829698
332	11.801634	-45.041725	brivanib	3.0	0.3434449998498928
333	11.877573	-44.972008	brivanib	30.0	-0.43739428743477415
334	12.479689	-41.426945	brivanib_alaninate	0.01	
335	12.44145	-41.39449	brivanib_alaninate	0.1	
336	12.352195	-41.37012	brivanib_alaninate	1.0	
337	12.474449	-41.366917	brivanib_alaninate	0.003	
338	12.492852	-41.453686	brivanib_alaninate	0.03	
339	12.474137	-41.27526	brivanib_alaninate	0.3	
340	12.150283	-41.344406	brivanib_alaninate	3.0	
341	10.588232	-41.403133	brivanib_alaninate	30.0	
342	15.180022	-38.590164	byl719	0.01	0.874842932941952
343	15.38266	-38.32747	byl719	0.1	0.7082304897728696
344	15.809204	-37.853943	byl719	1.0	0.29694305503860485
345	15.041872	-38.639942	byl719	0.003	0.9178393193424184
346	15.324984	-38.469482	byl719	0.03	0.8139218879248901
347	14.992273	-38.675632	byl719	0.3	0.5540559630429309
348	15.988036	-37.6824	byl719	3.0	-0.03020064124141229
349	16.17126	-37.476784	byl719	30.0	-0.5885852512553043
350	14.554081	-39.09117	cabozantinib	0.01	0.9695841582039165
351	14.537007	-39.078674	cabozantinib	0.1	0.8968931278945109
352	10.225502	-40.4907	cabozantinib	1.0	0.5643972054420089
353	14.680106	-39.280148	cabozantinib	0.003	0.9834899149343987
354	14.653647	-39.11643	cabozantinib	0.03	0.946281680437667
355	9.59651	-42.317196	cabozantinib	0.3	0.8050087956925815
356	10.500505	-40.24129	cabozantinib	3.0	-0.0711743003926783
357	10.857242	-40.062046	cabozantinib	30.0	-0.47773940587055164
358	13.830139	-37.923637	canertinib	0.01	0.8918396281276538
359	14.006355	-38.09793	canertinib	0.1	0.7842383300093706
360	13.446488	-37.112762	canertinib	1.0	0.4450697474431107
361	14.212894	-38.48088	canertinib	0.003	0.9300119812560803
362	13.909385	-37.884262	canertinib	0.03	0.8479883253599365
363	13.822888	-37.814095	canertinib	0.3	0.6924177507248084
364	12.810037	-37.428017	canertinib	3.0	-0.22942154452622798
365	12.535354	-38.016315	canertinib	30.0	-0.4220105813564646
366	11.052493	-47.368797	capmatinib	0.01	
367	10.625124	-47.042004	capmatinib	0.1	
368	10.888742	-47.31322	capmatinib	1.0	
369	10.656724	-47.19955	capmatinib	0.003	
370	11.06069	-47.336803	capmatinib	0.03	
371	10.614894	-47.109333	capmatinib	0.3	
372	10.881741	-47.354973	capmatinib	3.0	
373	12.468635	-45.35047	capmatinib	30.0	
374	13.66231	-42.666664	cc401	0.01	
375	13.521277	-42.910805	cc401	0.1	
376	13.664077	-42.661293	cc401	0.003	
377	13.508456	-42.8599	cc401	0.03	
378	13.604082	-43.139675	cc401	0.3	
379	13.398253	-42.85326	cc401	3.0	
380	13.3458185	-42.917236	cc401	30.0	
381	10.911294	-40.74724	cediranib	0.01	0.9643798880818868
382	10.2045965	-40.31488	cediranib	0.1	0.9087000675077074
383	10.436149	-40.470882	cediranib	1.0	0.5662394230635791
384	15.403786	-39.382652	cediranib	0.003	0.9763233960388463
385	10.275552	-40.4197	cediranib	0.03	0.9461055469856164
386	10.328544	-40.326817	cediranib	0.3	0.8357781675875621
387	10.378735	-40.631676	cediranib	3.0	-0.5213508646708879
388	10.627608	-40.42353	cediranib	30.0	-0.7901274424826751
389	11.751137	-44.10218	cep32496	0.01	
390	10.916367	-39.74254	cep32496	0.1	
391	11.553372	-43.93011	cep32496	1.0	
392	11.0179205	-39.95519	cep32496	0.003	
393	11.094948	-39.663147	cep32496	0.03	
394	10.827308	-39.791935	cep32496	0.3	
395	11.274872	-44.04895	cep32496	3.0	
396	10.835836	-44.15911	cep32496	30.0	
397	13.33296	-42.1713	cerdulatinib	0.01	
398	12.6954	-42.709927	cerdulatinib	0.1	
399	12.678662	-42.890545	cerdulatinib	1.0	
400	12.620522	-43.093452	cerdulatinib	0.003	
401	13.028057	-42.48997	cerdulatinib	0.03	
402	12.866822	-42.75745	cerdulatinib	0.3	
403	12.539125	-43.021675	cerdulatinib	3.0	
404	12.608497	-43.090557	cerdulatinib	30.0	
405	14.367852	-40.577282	ceritinib	0.01	
406	11.913573	-41.66972	ceritinib	0.1	
407	11.593628	-41.251637	ceritinib	1.0	
408	14.608916	-40.37848	ceritinib	0.003	
409	14.593267	-40.490005	ceritinib	0.03	
410	11.9272	-41.70985	ceritinib	0.3	
411	11.636098	-41.40612	ceritinib	3.0	
412	11.749606	-41.53967	ceritinib	30.0	
413	10.500481	-41.241234	ch5183284	0.01	
414	13.739451	-40.48544	ch5183284	0.1	
415	10.308082	-41.14528	ch5183284	1.0	
416	9.024151	-39.641315	ch5183284	0.003	
417	10.160973	-41.08871	ch5183284	0.03	
418	10.236904	-41.179417	ch5183284	0.3	
419	9.834212	-40.71241	ch5183284	3.0	
420	9.173721	-39.864513	ch5183284	30.0	
421	13.504977	-40.183365	cobimetinib	0.01	
422	14.358734	-46.326897	cobimetinib	0.1	
423	13.461537	-45.268196	cobimetinib	1.0	
424	13.476916	-40.176643	cobimetinib	0.003	
425	14.319567	-46.34999	cobimetinib	0.03	
426	14.272522	-46.32009	cobimetinib	0.3	
427	13.404041	-45.278873	cobimetinib	3.0	
428	13.427454	-45.33303	cobimetinib	30.0	
429	12.252349	-40.005157	cp547632	0.01	
430	12.336888	-39.9979	cp547632	0.1	
431	12.455375	-40.031605	cp547632	1.0	
432	12.381679	-40.13977	cp547632	0.003	
433	12.30998	-40.018383	cp547632	0.03	
434	12.402669	-39.96804	cp547632	0.3	
435	12.2517605	-40.13527	cp547632	3.0	
436	12.342024	-40.092632	cp547632	30.0	
437	14.788252	-38.261425	cp724714	0.01	0.6794623064245936
438	13.448477	-37.05202	cp724714	0.1	0.4429127678342843
439	13.180889	-37.1812	cp724714	1.0	0.12915234853979918
440	14.842221	-38.178684	cp724714	0.003	0.769787438755199
441	14.811424	-38.131752	cp724714	0.03	0.5772455046379934
442	13.32311	-37.238113	cp724714	0.3	0.3009099891591487
443	13.26016	-37.130047	cp724714	3.0	-0.031894858428257594
444	13.150536	-37.2891	cp724714	30.0	-0.32255445838761543
445	14.2701845	-40.946655	crenolanib	0.01	
446	9.818295	-42.568184	crenolanib	0.1	
447	11.136773	-43.253925	crenolanib	1.0	
448	14.189324	-40.8025	crenolanib	0.003	
449	11.809861	-42.67511	crenolanib	0.03	
450	10.806125	-43.05999	crenolanib	0.3	
451	12.068923	-43.406414	crenolanib	3.0	
452	12.519769	-43.407017	crenolanib	30.0	
453	10.098545	-45.050816	crizotinib	0.01	0.9814950423639173
454	10.179937	-45.207024	crizotinib	0.1	0.9077915954871257
455	10.176294	-45.073513	crizotinib	1.0	0.39017885073507513
456	10.114828	-45.07639	crizotinib	0.003	0.9899433833087166
457	10.146617	-45.320015	crizotinib	0.03	0.9606254099672974
458	10.159682	-45.08961	crizotinib	0.3	0.7878554968400419
459	10.283169	-44.91941	crizotinib	3.0	-0.1164293195094872
460	10.249547	-45.11223	crizotinib	30.0	-0.37730333000745947
461	14.456507	-37.020844	cudc101	0.01	
462	14.377889	-37.066395	cudc101	0.1	
463	14.284557	-37.11208	cudc101	1.0	
464	14.345153	-37.1022	cudc101	0.003	
465	14.373683	-37.07059	cudc101	0.03	
466	14.330662	-37.04201	cudc101	0.3	
467	14.366937	-36.992985	cudc101	3.0	
468	14.240272	-37.046745	cudc101	30.0	
469	14.918488	-41.87254	cyc116	0.01	
470	13.088607	-42.09106	cyc116	0.1	
471	12.917282	-42.216854	cyc116	1.0	
472	13.82554	-40.756542	cyc116	0.003	
473	13.133386	-42.169518	cyc116	0.03	
474	12.997649	-42.197876	cyc116	0.3	
475	12.877789	-42.344105	cyc116	3.0	
476	12.983732	-42.446487	cyc116	30.0	
477	13.498538	-41.129753	dabrafenib	0.01	0.9614615967573678
478	14.581099	-41.80718	dabrafenib	0.1	0.8941529800723285
479	13.06386	-41.12457	dabrafenib	1.0	0.6306711347523494
480	13.63635	-41.39974	dabrafenib	0.003	0.9757085627452785
481	13.579538	-41.415447	dabrafenib	0.03	0.9390428800061321
482	13.191251	-41.285774	dabrafenib	0.3	0.8151994936773892
483	12.9141445	-41.16167	dabrafenib	3.0	0.2667058735410867
484	12.619748	-40.931557	dabrafenib	30.0	-0.40846050806799267
485	13.539426	-37.339954	dacomitinib	0.01	
486	13.2787485	-37.412445	dacomitinib	0.1	
487	13.452177	-37.39821	dacomitinib	1.0	
488	14.081116	-37.876873	dacomitinib	0.003	
489	13.63983	-37.44008	dacomitinib	0.03	
490	13.474949	-37.301804	dacomitinib	0.3	
491	13.399924	-37.440216	dacomitinib	3.0	
492	12.873502	-38.117302	dacomitinib	30.0	
493	11.825017	-40.260525	danusertib	0.01	
494	11.7023	-41.13248	danusertib	0.1	
495	11.724521	-41.37643	danusertib	1.0	
496	13.796555	-39.584312	danusertib	0.003	
497	11.722925	-40.313835	danusertib	0.03	
498	11.714615	-41.36417	danusertib	0.3	
499	11.728858	-41.1706	danusertib	3.0	
500	11.69889	-40.95812	danusertib	30.0	
501	11.826459	-39.978233	dasatinib	0.01	0.6341788440755213
502	11.68809	-39.86434	dasatinib	0.1	0.3699892100842128
503	11.708183	-39.986347	dasatinib	1.0	-0.02058799941838393
504	11.863144	-40.06224	dasatinib	0.003	0.7323099854668513
505	11.744537	-39.883186	dasatinib	0.03	0.5202772498028914
506	11.730782	-39.95204	dasatinib	0.3	0.2076170779353923
507	11.772772	-40.007298	dasatinib	3.0	-0.3350922885429653
508	11.732379	-39.93315	dasatinib	30.0	-0.698335990243889
509	14.258689	-42.84132	decernotinib	0.01	
510	14.247954	-43.955143	decernotinib	0.1	
511	14.323633	-44.166985	decernotinib	1.0	
512	14.81082	-42.553352	decernotinib	0.003	
513	14.394317	-43.369793	decernotinib	0.03	
514	11.2770195	-47.331364	decernotinib	0.3	
515	14.214428	-44.022175	decernotinib	3.0	
516	14.181014	-43.931305	decernotinib	30.0	
517	12.134813	-45.5834	defactinib	0.01	
518	12.355907	-45.363956	defactinib	0.1	
519	12.173423	-45.6081	defactinib	1.0	
520	12.108752	-45.53582	defactinib	0.003	
521	12.037762	-45.697834	defactinib	0.03	
522	12.1413965	-45.635452	defactinib	0.3	
523	12.142595	-45.43509	defactinib	3.0	
524	12.35563	-45.275898	defactinib	30.0	
525	11.50561	-46.118893	deforolimus	0.01	
526	11.627971	-45.94388	deforolimus	0.1	
527	11.692669	-46.422226	deforolimus	1.0	
528	11.5106735	-46.31987	deforolimus	0.003	
529	11.450732	-46.35435	deforolimus	0.03	
530	11.504428	-46.06483	deforolimus	0.3	
531	11.482225	-46.2227	deforolimus	3.0	
532	11.558958	-46.028477	deforolimus	30.0	
533	14.86058	-41.649395	dinaciclib	0.01	0.1704679784152506
534	14.709636	-42.220253	dinaciclib	0.1	-0.4987578985388236
535	14.594316	-42.252544	dinaciclib	1.0	-0.506591999465085
536	14.7747135	-41.41785	dinaciclib	0.003	0.6760724830764041
537	14.743347	-42.02926	dinaciclib	0.03	-0.44496716718316126
538	14.6634035	-42.26182	dinaciclib	0.3	-0.504880043724227
539	14.38296	-42.26762	dinaciclib	3.0	-0.5070061705432894
540	14.396043	-42.172928	dinaciclib	30.0	-0.5071680375303262
541	10.418807	-42.705173	dovitinib	0.01	0.8931110669876671
542	10.290434	-42.53817	dovitinib	0.1	0.700655651529785
543	10.523819	-42.71652	dovitinib	1.0	0.316866357634161
544	10.331644	-42.723038	dovitinib	0.003	0.9267315488074931
545	10.290244	-42.711445	dovitinib	0.03	0.8344928506014505
546	10.527309	-42.728313	dovitinib	0.3	0.514313444586178
547	10.81393	-42.754807	dovitinib	3.0	0.1889151131457841
548	11.300563	-42.916527	dovitinib	30.0	0.061286828080508136
549	14.268067	-41.302593	encorafenib	0.01	
550	12.71719	-40.858784	encorafenib	0.1	
551	12.768396	-40.6789	encorafenib	1.0	
552	12.8093195	-40.60316	encorafenib	0.003	
553	12.580743	-40.72322	encorafenib	0.03	
554	12.691227	-40.754257	encorafenib	0.3	
555	12.551859	-40.68228	encorafenib	3.0	
556	12.652651	-40.892056	encorafenib	30.0	
557	12.192651	-42.35787	enmd2076	0.01	
558	9.68923	-42.39528	enmd2076	0.1	
559	10.095294	-41.47596	enmd2076	1.0	
560	14.4881	-39.753277	enmd2076	0.003	
561	9.83625	-42.426365	enmd2076	0.03	
562	9.755091	-42.436867	enmd2076	0.3	
563	10.557998	-41.503994	enmd2076	3.0	
564	11.127381	-41.47125	enmd2076	30.0	
565	9.707012	-41.238388	entrectinib	0.01	
566	9.611726	-41.251663	entrectinib	0.1	
567	9.696147	-41.322094	entrectinib	1.0	
568	9.680786	-41.268913	entrectinib	0.003	
569	9.70855	-41.325954	entrectinib	0.03	
570	9.700664	-41.339798	entrectinib	0.3	
571	9.791345	-41.34925	entrectinib	3.0	
572	9.932392	-41.427097	entrectinib	30.0	
573	14.754706	-42.63299	enzastaurin	0.01	0.9994534666653181
574	14.581466	-43.18334	enzastaurin	0.1	0.9889783967886271
575	14.365885	-43.456635	enzastaurin	1.0	0.8142177840569083
576	14.932367	-42.6777	enzastaurin	0.003	0.9998869673786679
577	14.794485	-42.83779	enzastaurin	0.03	0.9977010298280287
578	14.502232	-43.337135	enzastaurin	0.3	0.955172855886118
579	14.559768	-43.248177	enzastaurin	3.0	0.35142651950316867
580	14.351103	-43.621872	enzastaurin	30.0	-0.2623579557503187
581	14.919787	-38.160603	erlotinib	0.01	0.9381157443084004
582	14.78138	-38.224583	erlotinib	0.1	0.8464512770576359
583	12.813959	-41.480335	erlotinib	1.0	0.636818198687841
584	14.88864	-38.115738	erlotinib	0.003	0.9602928517128243
585	14.830238	-38.14608	erlotinib	0.03	0.9057390893913857
586	12.882733	-41.464706	erlotinib	0.3	0.7621430704398333
587	13.089346	-40.736107	erlotinib	3.0	0.4437804181085141
588	12.940753	-41.11288	erlotinib	30.0	0.199502264315237
589	15.059882	-43.214733	fasudil	0.01	
590	15.158538	-43.958324	fasudil	0.1	
591	15.129259	-44.262512	fasudil	1.0	
592	15.179709	-43.3032	fasudil	0.003	
593	15.1720705	-43.530636	fasudil	0.03	
594	15.327997	-44.043827	fasudil	0.3	
595	15.213458	-44.01812	fasudil	3.0	
596	15.16818	-43.949463	fasudil	30.0	
597	14.961098	-40.335182	fedratinib	0.01	
598	14.88876	-40.360195	fedratinib	0.1	
599	14.958022	-40.394558	fedratinib	1.0	
600	15.039038	-40.345566	fedratinib	0.003	
601	15.006284	-40.36382	fedratinib	0.03	
602	15.0124655	-40.30419	fedratinib	0.3	
603	9.609136	-42.34328	fedratinib	3.0	
604	12.779781	-42.373802	fedratinib	30.0	
605	14.289827	-40.278816	filgotinib	0.01	
606	14.410338	-40.356804	filgotinib	0.1	
607	13.465872	-40.806534	filgotinib	1.0	
608	14.3172455	-40.386585	filgotinib	0.003	
609	14.304486	-40.276154	filgotinib	0.03	
610	13.8513565	-41.044373	filgotinib	0.3	
611	13.304738	-40.876556	filgotinib	3.0	
612	11.83514	-44.145313	filgotinib	30.0	
613	11.449388	-40.482872	foretinib	0.01	0.936261669076319
614	11.376807	-40.40783	foretinib	0.1	0.7889312208056689
615	11.17839	-40.648888	foretinib	1.0	0.09282644241487938
616	13.883316	-39.945843	foretinib	0.003	0.9646028361265115
617	11.392178	-40.60956	foretinib	0.03	0.8888584546084419
618	11.266668	-40.50571	foretinib	0.3	0.5721791531098299
619	11.176888	-40.490685	foretinib	3.0	-0.5476885003610733
620	11.307496	-40.424446	foretinib	30.0	-0.7182046595834493
621	12.073832	-45.560837	fostamatinib	0.01	
622	12.169892	-42.34246	fostamatinib	0.1	
623	12.220987	-42.266846	fostamatinib	1.0	
624	14.840426	-40.347546	fostamatinib	0.003	
625	12.247445	-42.396957	fostamatinib	0.03	
626	12.26138	-42.175797	fostamatinib	0.3	
627	12.111687	-42.294544	fostamatinib	3.0	
628	12.155809	-42.3277	fostamatinib	30.0	
629	12.940675	-40.389103	galunisertib	0.01	
630	12.414629	-39.805187	galunisertib	0.1	
631	12.290836	-39.871693	galunisertib	1.0	
632	12.7315855	-40.25069	galunisertib	0.003	
633	12.42036	-44.1755	galunisertib	0.03	
634	12.429135	-39.87621	galunisertib	0.3	
635	12.313575	-39.97189	galunisertib	3.0	
636	12.369971	-39.977108	galunisertib	30.0	
637	13.577852	-43.186035	gdc0994	0.01	
638	18.04128	-33.778473	gdc0994	0.1	
639	18.00699	-33.74685	gdc0994	1.0	
640	17.821749	-34.064808	gdc0994	0.003	
641	18.045551	-33.808796	gdc0994	0.03	
642	18.014013	-33.765553	gdc0994	0.3	
643	17.950766	-33.70508	gdc0994	3.0	
644	17.992996	-33.76832	gdc0994	30.0	
645	14.701286	-38.460526	gefitinib	0.01	0.9693067827487515
646	14.579686	-38.566845	gefitinib	0.1	0.8979796084325796
647	13.053844	-38.533596	gefitinib	1.0	0.5512859773258226
648	14.756493	-38.54282	gefitinib	0.003	0.9832033246760512
649	12.645069	-38.708782	gefitinib	0.03	0.9465340200866328
650	13.62363	-37.566647	gefitinib	0.3	0.8014278022349712
651	12.94018	-38.632988	gefitinib	3.0	-0.1339759525638518
652	12.132134	-38.366947	gefitinib	30.0	-0.7030079760636737
653	13.836276	-40.663273	gilteritinib	0.01	
654	11.779932	-42.10515	gilteritinib	0.1	
655	12.370602	-41.970295	gilteritinib	1.0	
656	12.951541	-41.846302	gilteritinib	0.003	
657	9.856506	-42.39576	gilteritinib	0.03	
658	12.274549	-41.995556	gilteritinib	0.3	
659	12.550949	-41.989487	gilteritinib	3.0	
660	12.625347	-42.35039	gilteritinib	30.0	
661	11.184832	-40.15321	golvatinib	0.01	
662	10.619946	-40.20567	golvatinib	0.1	
663	11.186606	-40.226307	golvatinib	1.0	
664	11.289496	-40.30361	golvatinib	0.003	
665	10.904955	-40.239872	golvatinib	0.03	
666	11.134144	-40.426144	golvatinib	0.3	
667	11.253174	-40.42948	golvatinib	3.0	
668	11.363243	-40.288567	golvatinib	30.0	
669	13.371943	-43.163628	gsk1059615	0.01	0.8989720315569221
670	13.649451	-43.5169	gsk1059615	0.1	0.681301945637296
671	13.711765	-43.307777	gsk1059615	1.0	0.009446868585010261
672	13.502563	-43.09984	gsk1059615	0.003	0.9391631271308793
673	13.390891	-43.345325	gsk1059615	0.03	0.8287345524985582
674	13.865777	-43.23568	gsk1059615	0.3	0.4311144658132356
675	13.601943	-43.199734	gsk1059615	3.0	-0.2939349254799673
676	13.637498	-43.349373	gsk1059615	30.0	-0.45927495427461024
677	11.400489	-40.458603	gsk1070916	0.01	0.9056386009039077
678	11.449812	-40.540623	gsk1070916	0.1	0.6934190584445937
679	10.85591	-42.326225	gsk1070916	1.0	0.18468521405159388
680	12.206583	-40.55216	gsk1070916	0.003	0.9635779312898136
681	11.630323	-40.545696	gsk1070916	0.03	0.8101134682658258
682	10.657538	-42.346745	gsk1070916	0.3	0.5222938237845878
683	10.870888	-42.093506	gsk1070916	3.0	-0.39410334322979784
684	11.1007395	-41.715088	gsk1070916	30.0	-0.8193770451658032
685	16.094694	-44.03405	gsk2110183	0.01	
686	16.777367	-43.529675	gsk2110183	0.1	
687	16.2621	-43.74441	gsk2110183	1.0	
688	16.14622	-43.956158	gsk2110183	0.003	
689	16.687925	-43.603027	gsk2110183	0.03	
690	16.664925	-43.571877	gsk2110183	0.3	
691	15.931807	-43.994026	gsk2110183	3.0	
692	16.11987	-43.92448	gsk2110183	30.0	
693	14.426987	-39.874863	gsk461364	0.01	0.43510868602038527
694	12.931887	-39.866066	gsk461364	0.1	-0.03924520728585496
695	12.74375	-39.816113	gsk461364	1.0	-0.21805830406813406
696	14.402588	-39.739613	gsk461364	0.003	0.733800877894895
697	14.224737	-39.88666	gsk461364	0.03	0.11387115932876075
698	12.813612	-39.945038	gsk461364	0.3	-0.11897317406725381
699	12.867449	-39.886414	gsk461364	3.0	-0.4071466186786184
700	12.998964	-39.683887	gsk461364	30.0	-0.5345987761141149
701	12.053324	-46.105434	gsk690693	0.01	0.8900131514969796
702	15.04276	-44.451584	gsk690693	0.1	0.7522187532445446
703	14.989586	-44.268944	gsk690693	1.0	0.5619258747397846
704	14.260631	-41.720783	gsk690693	0.003	0.9328830159225987
705	14.29742	-41.708	gsk690693	0.03	0.8337238677982814
706	15.240662	-44.361744	gsk690693	0.3	0.6637720139299703
707	15.439879	-44.27855	gsk690693	3.0	0.47616531343351637
708	15.601293	-44.312855	gsk690693	30.0	0.3498801726695935
709	17.265675	-40.46734	hmn214	0.01	
710	10.692414	-47.03795	hmn214	0.1	
711	17.312372	-40.516285	hmn214	1.0	
712	17.24662	-40.48849	hmn214	0.003	
713	17.270771	-40.465355	hmn214	0.03	
714	10.710032	-47.007042	hmn214	0.3	
715	10.697174	-47.107456	hmn214	3.0	
716	10.606592	-47.04858	hmn214	30.0	
717	13.758816	-43.514027	hydroxyfasudil	0.01	
718	15.2289505	-43.723392	hydroxyfasudil	0.1	
719	15.32302	-43.71655	hydroxyfasudil	1.0	
720	14.083584	-41.806927	hydroxyfasudil	0.003	
721	14.030585	-42.13837	hydroxyfasudil	0.03	
722	15.314021	-43.854733	hydroxyfasudil	0.3	
723	15.405724	-43.749386	hydroxyfasudil	3.0	
724	15.224598	-44.09903	hydroxyfasudil	30.0	
725	12.191699	-38.335888	ibrutinib	0.01	0.9024401162224448
726	12.194035	-37.88895	ibrutinib	0.1	0.8058917384694625
727	12.128826	-38.129738	ibrutinib	1.0	0.5430327223694786
728	14.399081	-38.976265	ibrutinib	0.003	0.9352513558322171
729	12.292345	-37.993084	ibrutinib	0.03	0.8623665227023295
730	12.066952	-38.021206	ibrutinib	0.3	0.7201198197483097
731	12.125492	-38.054012	ibrutinib	3.0	0.036122888934505604
732	12.036927	-38.19051	ibrutinib	30.0	-0.7808009208344445
733	14.59752	-38.986744	icotinib	0.01	
734	13.333374	-40.895332	icotinib	0.1	
735	13.248643	-40.792778	icotinib	1.0	
736	14.556757	-39.256817	icotinib	0.003	
737	14.51106	-39.34241	icotinib	0.03	
738	13.219189	-40.608925	icotinib	0.3	
739	13.144787	-40.71246	icotinib	3.0	
740	13.290234	-41.348763	icotinib	30.0	
741	14.47426	-39.473064	imatinib	0.01	0.993002295608213
742	10.697731	-39.903976	imatinib	0.1	0.9749451092583884
743	10.672127	-39.965797	imatinib	1.0	0.8583737434864624
744	14.349134	-39.5141	imatinib	0.003	0.9965136007364878
745	13.182038	-41.425873	imatinib	0.03	0.9870330576248068
746	10.690003	-39.882652	imatinib	0.3	0.9514421044529399
747	10.583965	-40.06827	imatinib	3.0	0.21030385000711435
748	10.740023	-40.02522	imatinib	30.0	-0.8642230463098044
749	10.512523	-44.060852	imd0354	0.01	
750	10.454574	-43.962788	imd0354	0.1	
751	10.535733	-44.007584	imd0354	1.0	
752	11.713159	-40.062576	imd0354	0.003	
753	10.463573	-44.063553	imd0354	0.03	
754	10.516945	-43.88858	imd0354	0.3	
755	10.634556	-43.862766	imd0354	3.0	
756	10.53892	-44.045982	imd0354	30.0	
757	14.61085	-38.83819	janex1	0.01	
758	13.192271	-38.825554	janex1	0.1	
759	13.237825	-38.71215	janex1	1.0	
760	14.462108	-38.667137	janex1	0.003	
761	13.659636	-37.51942	janex1	0.03	
762	12.778041	-38.712406	janex1	0.3	
763	13.172052	-38.27747	janex1	3.0	
764	13.227653	-38.087837	janex1	30.0	
765	16.770111	-43.49388	jnj26483327	0.01	
766	16.775194	-43.48303	jnj26483327	0.1	
767	16.78459	-43.46323	jnj26483327	1.0	
768	14.5779505	-38.653004	jnj26483327	0.003	
769	13.366165	-40.700054	jnj26483327	0.03	
770	16.778898	-43.482685	jnj26483327	0.3	
771	16.713335	-43.455135	jnj26483327	3.0	
772	16.683746	-43.375393	jnj26483327	30.0	
773	10.577336	-46.96766	jnj38877605	0.01	
774	11.134172	-47.301434	jnj38877605	0.1	
775	13.165992	-41.669518	jnj38877605	1.0	
776	11.071717	-47.246223	jnj38877605	0.003	
777	11.116289	-47.24711	jnj38877605	0.03	
778	11.09162	-47.21997	jnj38877605	0.3	
779	11.178767	-47.278942	jnj38877605	3.0	
780	13.081682	-41.622185	jnj38877605	30.0	
781	12.624775	-43.43897	k252a	0.01	
782	12.628535	-43.483173	k252a	0.1	
783	12.435422	-43.471203	k252a	1.0	
784	12.316979	-43.420807	k252a	0.003	
785	12.763395	-43.1507	k252a	0.03	
786	12.539424	-43.38628	k252a	0.3	
787	12.476914	-43.40609	k252a	3.0	
788	12.58891	-43.48322	k252a	30.0	
789	15.120621	-40.49872	kw2449	0.01	0.980487766893916
790	15.1113	-40.54726	kw2449	0.1	0.9176990642389453
791	15.1164465	-40.631645	kw2449	1.0	0.5210585721515515
792	14.799637	-40.48251	kw2449	0.003	0.9904471125068595
793	15.150309	-40.480457	kw2449	0.03	0.9619158671124215
794	15.11358	-40.59204	kw2449	0.3	0.8156527718332129
795	11.979756	-42.826313	kw2449	3.0	-0.11153621637408458
796	11.9960985	-42.969345	kw2449	30.0	-0.757531317160835
797	14.862205	-38.195663	lapatinib	0.01	0.9775589143012936
798	13.404076	-37.35798	lapatinib	0.1	0.9186533396633006
799	13.389934	-37.135662	lapatinib	1.0	0.6563188253840336
800	14.869884	-38.24626	lapatinib	0.003	0.9872662930231407
801	13.403979	-37.165382	lapatinib	0.03	0.9600938681568303
802	13.424642	-37.183193	lapatinib	0.3	0.836473791759717
803	13.417547	-37.247887	lapatinib	3.0	0.2105323037903312
804	13.284946	-37.21997	lapatinib	30.0	-0.11401538439549175
805	14.200117	-39.399273	lenvatinib	0.01	0.9315758828246453
806	13.551358	-39.373062	lenvatinib	0.1	0.855924771219063
807	10.333429	-40.70412	lenvatinib	1.0	0.6191449919211984
808	14.320646	-39.250263	lenvatinib	0.003	0.9551230906602799
809	14.061073	-39.423683	lenvatinib	0.03	0.9031949441309668
810	10.504186	-40.086296	lenvatinib	0.3	0.7810110863041547
811	10.434847	-40.573856	lenvatinib	3.0	0.26537653850516163
812	10.638173	-40.75147	lenvatinib	30.0	-0.37328788757014547
813	14.505985	-40.61765	lestaurtinib	0.01	0.8764325627355429
814	12.202179	-43.78043	lestaurtinib	0.1	0.5595295053562029
815	12.3909025	-43.67222	lestaurtinib	1.0	-0.16463869903137704
816	14.525694	-40.43969	lestaurtinib	0.003	0.9383390060932428
817	14.43221	-40.697124	lestaurtinib	0.03	0.7678900639328756
818	12.284008	-43.66808	lestaurtinib	0.3	0.27382406294978967
819	12.393293	-43.49095	lestaurtinib	3.0	-0.6019531172403877
820	12.246532	-43.324257	lestaurtinib	30.0	-0.8667289484926983
821	15.177108	-39.531322	linifanib	0.01	0.9843038429229789
822	15.209158	-39.519875	linifanib	0.1	0.9551963080991742
823	9.750235	-42.46547	linifanib	1.0	0.6947681804178167
824	15.331164	-39.52323	linifanib	0.003	0.9895674663811924
825	15.081869	-39.58904	linifanib	0.03	0.9757038544433646
826	9.688707	-42.371704	linifanib	0.3	0.9055638837654862
827	9.714238	-42.42237	linifanib	3.0	-0.2456049889273826
828	9.883417	-42.3055	linifanib	30.0	-0.6652955231169133
829	13.704765	-45.657864	linsitinib	0.01	0.9812901591678589
830	10.781841	-44.51745	linsitinib	0.1	0.9261700312990009
831	10.937181	-44.17382	linsitinib	1.0	0.6821260443477621
832	13.743541	-45.691315	linsitinib	0.003	0.9905079389552109
833	10.813466	-44.50909	linsitinib	0.03	0.9642797883609159
834	10.81926	-44.536545	linsitinib	0.3	0.8543614752319256
835	10.898823	-44.033806	linsitinib	3.0	0.20927008355665622
836	11.043874	-43.908257	linsitinib	30.0	-0.44138022285092127
837	10.798353	-45.122013	losmapimod	0.01	
838	10.938371	-44.76353	losmapimod	0.1	
839	10.844388	-44.907787	losmapimod	1.0	
840	10.73848	-45.12613	losmapimod	0.003	
841	11.031834	-44.90576	losmapimod	0.03	
842	10.905388	-44.964493	losmapimod	0.3	
843	10.903915	-44.880863	losmapimod	3.0	
844	10.999057	-44.843384	losmapimod	30.0	
845	9.366368	-39.65894	lucitanib	0.01	
846	9.858973	-39.854458	lucitanib	0.1	
847	9.662185	-39.835365	lucitanib	1.0	
848	9.752325	-39.96967	lucitanib	0.003	
849	9.398333	-39.73663	lucitanib	0.03	
850	10.100375	-40.247917	lucitanib	0.3	
851	10.190983	-40.230724	lucitanib	3.0	
852	9.875935	-39.9725	lucitanib	30.0	
853	17.718239	-38.258183	ly2584702	0.01	
854	17.674068	-38.305786	ly2584702	0.1	
855	17.691204	-38.28993	ly2584702	1.0	
856	17.664051	-38.31994	ly2584702	0.003	
857	17.64689	-38.333065	ly2584702	0.03	
858	17.656103	-38.316017	ly2584702	0.3	
859	17.726673	-38.247097	ly2584702	3.0	
860	17.71301	-38.262444	ly2584702	30.0	
861	11.503787	-41.241512	ly2801653	0.01	
862	10.84311	-40.94805	ly2801653	0.1	
863	11.2451	-40.983932	ly2801653	1.0	
864	11.625703	-41.162956	ly2801653	0.003	
865	11.387428	-41.107227	ly2801653	0.03	
866	9.78384	-41.307827	ly2801653	0.3	
867	10.527049	-40.484535	ly2801653	3.0	
868	11.137639	-40.974434	ly2801653	30.0	
869	14.676078	-39.266525	masitinib	0.01	0.9940317689402867
870	14.74291	-39.249424	masitinib	0.1	0.9793056717087218
871	10.764324	-39.85579	masitinib	1.0	0.787898998742317
872	14.696127	-39.259323	masitinib	0.003	0.9966720869950199
873	14.636761	-39.26999	masitinib	0.03	0.9897361603507908
874	14.710903	-39.25687	masitinib	0.3	0.9483271263018196
875	10.807526	-39.84124	masitinib	3.0	0.010640300881916356
876	10.671178	-40.18569	masitinib	30.0	-0.8497860536195202
877	14.594422	-39.719322	mgcd265	0.01	0.9813066389847763
878	14.019865	-39.718163	mgcd265	0.1	0.9298681968543298
879	11.855824	-46.735348	mgcd265	1.0	0.6893264765139098
880	14.395177	-39.734	mgcd265	0.003	0.9902287645601311
881	12.042745	-44.053864	mgcd265	0.03	0.9638305092620776
882	10.705095	-46.991352	mgcd265	0.3	0.8703874533918389
883	11.308167	-43.63036	mgcd265	3.0	0.1890717061519577
884	10.963679	-40.267708	mgcd265	30.0	-0.3443818571510469
885	13.54651	-43.846085	midostaurin	0.01	
886	12.864495	-42.742466	midostaurin	0.1	
887	12.5952015	-42.911335	midostaurin	1.0	
888	13.062662	-43.17849	midostaurin	0.003	
889	12.998602	-43.539375	midostaurin	0.03	
890	12.859976	-43.212475	midostaurin	0.3	
891	12.550061	-42.97417	midostaurin	3.0	
892	12.75564	-43.189365	midostaurin	30.0	
893	13.45187	-41.506023	milciclib	0.01	
894	13.710999	-42.21548	milciclib	0.1	
895	13.629379	-42.01915	milciclib	1.0	
896	12.753268	-40.761528	milciclib	0.003	
897	13.774965	-42.04472	milciclib	0.03	
898	13.700206	-42.11314	milciclib	0.3	
899	13.588658	-42.098392	milciclib	3.0	
900	13.440536	-42.190277	milciclib	30.0	
901	13.27931	-40.381744	mk1775	0.01	0.9574489095141652
902	13.060544	-39.858707	mk1775	0.1	0.754141569216384
903	13.052128	-40.110485	mk1775	1.0	-0.020887316922835658
904	13.539527	-40.21713	mk1775	0.003	0.980508616984057
905	13.080732	-39.65028	mk1775	0.03	0.9071620369364147
906	13.056068	-40.00335	mk1775	0.3	0.4584165141792042
907	12.952484	-40.203964	mk1775	3.0	-0.25347539769154415
908	12.924336	-40.378265	mk1775	30.0	-0.3349569744718066
909	16.128857	-44.13355	mk2206	0.01	0.9299162765362963
910	16.138964	-44.098545	mk2206	0.1	0.8036996718086884
911	16.65406	-43.59098	mk2206	1.0	0.4209785918278072
912	15.840253	-44.351387	mk2206	0.003	0.958917212806584
913	16.142504	-44.12842	mk2206	0.03	0.8854762917239594
914	16.29149	-43.95093	mk2206	0.3	0.6761029435469849
915	16.471128	-43.77693	mk2206	3.0	-0.22337698053536317
916	16.549953	-43.72586	mk2206	30.0	-0.8636910815593523
917	12.634433	-41.817043	mk2461	0.01	
918	12.742386	-41.76879	mk2461	0.1	
919	11.167591	-41.205208	mk2461	1.0	
920	10.34957	-41.6058	mk2461	0.003	
921	12.882563	-41.58387	mk2461	0.03	
922	13.113234	-41.347107	mk2461	0.3	
923	12.613939	-41.6475	mk2461	3.0	
924	12.425353	-41.70079	mk2461	30.0	
925	11.356996	-42.351925	mk5108	0.01	
926	11.795588	-41.945343	mk5108	0.1	
927	11.738554	-42.059837	mk5108	1.0	
928	11.536192	-42.223385	mk5108	0.003	
929	11.779506	-42.022255	mk5108	0.03	
930	11.491124	-42.147472	mk5108	0.3	
931	11.803413	-42.038094	mk5108	3.0	
932	11.829404	-42.14205	mk5108	30.0	
933	11.177193	-47.206398	mk8033	0.01	
934	11.042454	-47.30255	mk8033	0.1	
935	10.640661	-47.005478	mk8033	1.0	
936	11.153075	-47.30717	mk8033	0.003	
937	10.997407	-47.31985	mk8033	0.03	
938	11.12253	-47.213108	mk8033	0.3	
939	11.233766	-41.06016	mk8033	3.0	
940	11.236219	-41.113537	mk8033	30.0	
941	10.46175	-44.08487	mln2480	0.01	0.9638362752464611
942	10.435088	-43.975185	mln2480	0.1	0.9027653935018859
943	10.785389	-40.247543	mln2480	1.0	0.6618540377870975
944	10.476951	-43.99657	mln2480	0.003	0.9763372343471145
945	11.493444	-40.0663	mln2480	0.03	0.9436910141048742
946	10.944356	-40.334686	mln2480	0.3	0.8306866515646316
947	10.904151	-40.341248	mln2480	3.0	0.25317466578656433
948	11.273394	-40.011692	mln2480	30.0	-0.5388493114694144
949	11.33996	-42.35628	mln8054	0.01	
950	11.454717	-42.206123	mln8054	0.1	
951	11.27774	-42.200184	mln8054	1.0	
952	12.209131	-41.205105	mln8054	0.003	
953	11.265228	-42.255867	mln8054	0.03	
954	11.266033	-42.2746	mln8054	0.3	
955	11.341683	-42.08671	mln8054	3.0	
956	11.583495	-41.663162	mln8054	30.0	
957	14.076443	-41.60985	momelotinib	0.01	0.991695718363242
958	14.284193	-41.167942	momelotinib	0.1	0.9585574636421552
959	13.210549	-42.4936	momelotinib	1.0	0.6694939281164244
960	13.829759	-42.055077	momelotinib	0.003	0.9962451780026712
961	14.006442	-41.850952	momelotinib	0.03	0.9825363071510796
962	13.295344	-42.407825	momelotinib	0.3	0.8999840289255017
963	13.4137535	-42.58901	momelotinib	3.0	-0.15689953278230198
964	13.287588	-42.598278	momelotinib	30.0	-0.4630475263338984
965	10.976382	-38.331398	motesanib	0.01	
966	10.965077	-38.32869	motesanib	0.1	
967	10.905577	-38.349926	motesanib	1.0	
968	10.955849	-38.287407	motesanib	0.003	
969	10.990197	-38.314713	motesanib	0.03	
970	11.033068	-38.365906	motesanib	0.3	
971	11.102392	-38.395355	motesanib	3.0	
972	11.217002	-38.642986	motesanib	30.0	
973	11.0346155	-43.94814	mubritinib	0.01	
974	11.375208	-44.456	mubritinib	0.1	
975	12.463842	-44.27414	mubritinib	1.0	
976	12.444715	-44.394627	mubritinib	0.003	
977	11.208263	-44.193806	mubritinib	0.03	
978	12.5244	-44.260136	mubritinib	0.3	
979	12.460034	-44.2255	mubritinib	3.0	
980	12.4125805	-44.347183	mubritinib	30.0	
981	12.523252	-40.8597	neratinib	0.01	0.8961697275047578
982	13.432274	-37.223034	neratinib	1.0	0.1759652239023637
983	12.880273	-40.627937	neratinib	0.003	0.9350089720826502
984	13.343824	-37.835476	neratinib	0.03	0.8403684084350559
985	11.932492	-40.85669	neratinib	0.3	0.5630465848531173
986	12.027111	-40.796017	neratinib	3.0	-0.2173488699219275
987	12.140424	-40.91929	neratinib	30.0	-0.45049766722501516
988	9.607419	-38.51425	nilotinib	0.01	0.9663227113668779
989	9.597822	-38.49965	nilotinib	0.1	0.9375809040931508
990	10.27373	-39.616577	nilotinib	1.0	0.7588017831001427
991	9.668654	-38.58716	nilotinib	0.003	0.9881842605820921
992	9.659448	-38.53299	nilotinib	0.03	0.955054529099396
993	9.601254	-38.515953	nilotinib	0.3	0.8881433487743275
994	10.197529	-39.271133	nilotinib	3.0	0.07799555339721032
995	9.862666	-38.771095	nilotinib	30.0	-0.3106904127367345
996	11.486262	-43.04964	nintedanib	0.01	0.9798722740058438
997	10.360428	-41.62286	nintedanib	0.1	0.9192839543369825
998	10.6788435	-41.15914	nintedanib	1.0	0.6413992383493216
999	11.566954	-43.144165	nintedanib	0.003	0.9932330016182066
1000	11.525715	-42.773697	nintedanib	0.03	0.9564476385086876
1001	10.82344	-41.68524	nintedanib	0.3	0.8475529077231071
1002	11.010097	-41.996666	nintedanib	3.0	0.05984455563233542
1003	11.50981	-42.52403	nintedanib	30.0	-0.34937100212108313
1004	14.09236	-41.21814	nms1286937	0.01	
1005	13.477707	-42.61566	nms1286937	0.1	
1006	13.914842	-43.297596	nms1286937	1.0	
1007	13.093117	-42.329266	nms1286937	0.003	
1008	13.852739	-41.192223	nms1286937	0.03	
1009	13.990189	-43.289658	nms1286937	0.3	
1010	13.827276	-43.196175	nms1286937	3.0	
1011	13.311611	-41.922695	nms1286937	30.0	
1012	14.28258	-40.253784	omipalisib	0.01	0.22189691025579658
1013	14.759734	-40.965836	omipalisib	0.1	-0.2738910571897671
1014	13.10296	-41.572327	omipalisib	1.0	-0.4895773028549164
1015	14.130231	-40.16479	omipalisib	0.003	0.508572188756729
1016	14.574664	-40.33219	omipalisib	0.03	-0.04464446494363495
1017	12.840222	-41.73486	omipalisib	0.3	-0.4079404137293172
1018	12.842562	-41.71996	omipalisib	3.0	-0.5282799869648297
1019	13.128149	-41.58942	omipalisib	30.0	-0.560305716637513
1020	12.23312	-38.13119	ono4059 analogue	0.01	
1021	12.2752285	-37.90371	ono4059 analogue	0.1	
1022	12.114056	-38.031845	ono4059 analogue	1.0	
1023	14.86347	-38.285744	ono4059 analogue	0.003	
1024	12.033993	-38.249474	ono4059 analogue	0.03	
1025	12.147918	-38.080505	ono4059 analogue	0.3	
1026	12.194192	-37.968605	ono4059 analogue	3.0	
1027	12.278479	-37.892513	ono4059 analogue	30.0	
1028	10.491846	-42.44665	orantinib	0.01	
1029	9.927456	-42.463665	orantinib	0.1	
1030	10.505106	-42.56435	orantinib	1.0	
1031	13.996632	-40.291462	orantinib	0.003	
1032	10.577557	-42.51862	orantinib	0.03	
1033	10.157798	-42.426537	orantinib	0.3	
1034	10.513368	-42.402218	orantinib	3.0	
1035	10.88228	-42.798454	orantinib	30.0	
1036	11.549312	-39.334984	osi027	0.01	0.939241690202396
1037	11.364596	-39.231728	osi027	0.1	0.8116802794604852
1038	11.014971	-39.04137	osi027	1.0	0.3731460515462115
1039	11.595397	-39.29717	osi027	0.003	0.9635340492538563
1040	11.548145	-39.13715	osi027	0.03	0.8985003489766861
1041	11.212922	-39.03198	osi027	0.3	0.6619551656421518
1042	11.755172	-43.82063	osi027	3.0	0.02399260125422944
1043	12.305621	-40.20925	osi027	30.0	-0.2539285610025071
1044	11.2639	-38.683193	osi930	0.01	0.9840417244244062
1045	11.002386	-38.77059	osi930	0.1	0.9378321653285261
1046	10.983282	-38.81737	osi930	1.0	0.6437772096260272
1047	11.340325	-38.637577	osi930	0.003	0.9915244262314037
1048	11.279936	-38.603027	osi930	0.03	0.9705038557807953
1049	11.018744	-38.804672	osi930	0.3	0.8653397891074498
1050	11.0390625	-38.77058	osi930	3.0	0.11275210995832667
1051	11.416922	-38.513725	osi930	30.0	-0.408658455973497
1052	14.035266	-38.36805	osimertinib	0.01	
1053	13.932738	-38.34705	osimertinib	0.1	
1054	13.092308	-37.35261	osimertinib	1.0	
1055	13.783623	-38.066765	osimertinib	0.003	
1056	13.902573	-38.474255	osimertinib	0.03	
1057	13.750032	-37.799084	osimertinib	0.3	
1058	12.957177	-37.42835	osimertinib	3.0	
1059	13.186191	-41.266415	osimertinib	30.0	
1060	13.567058	-42.744793	ots167	0.01	
1061	13.396892	-42.669178	ots167	0.1	
1062	13.034509	-42.815403	ots167	1.0	
1063	14.064255	-41.53669	ots167	0.003	
1064	11.690039	-38.44502	ots167	0.03	
1065	13.4404335	-42.7481	ots167	0.3	
1066	12.861165	-42.86057	ots167	3.0	
1067	12.663295	-42.86859	ots167	30.0	
1068	12.59789	-45.180027	p27600	0.01	
1069	14.69622	-42.573746	p27600	0.1	
1070	14.622158	-42.292423	p27600	1.0	
1071	10.974889	-46.98197	p27600	0.003	
1072	14.737602	-42.61968	p27600	0.03	
1073	14.618605	-42.33611	p27600	0.3	
1074	14.458825	-42.40995	p27600	3.0	
1075	14.535408	-42.340664	p27600	30.0	
1076	13.610192	-41.9298	pacritinib	0.01	
1077	13.413715	-42.042633	pacritinib	0.1	
1078	13.178745	-42.14225	pacritinib	1.0	
1079	14.738153	-40.976643	pacritinib	0.003	
1080	13.299435	-42.14849	pacritinib	0.03	
1081	13.376186	-42.22452	pacritinib	0.3	
1082	13.151064	-42.21651	pacritinib	3.0	
1083	13.085049	-42.31639	pacritinib	30.0	
1084	14.3739805	-42.389412	palbociclib	0.01	0.9613867350848196
1085	14.384536	-42.676746	palbociclib	0.1	0.8581763043732308
1086	14.30981	-42.52253	palbociclib	1.0	0.5409341328483863
1087	14.361228	-41.7909	palbociclib	0.003	0.979578409838846
1088	14.512791	-42.61507	palbociclib	0.03	0.9280765990408972
1089	14.3794	-42.72941	palbociclib	0.3	0.7456335999168219
1090	14.220998	-42.39224	palbociclib	3.0	0.4205068568310145
1091	14.2721195	-42.505386	palbociclib	30.0	0.3147674149066211
1092	10.931651	-40.547688	pazopanib	0.01	0.9750940530025982
1093	10.548904	-40.499256	pazopanib	0.1	0.9143146608108371
1094	10.506607	-40.502247	pazopanib	1.0	0.635169868918509
1095	15.282784	-39.495514	pazopanib	0.003	0.9863861945888621
1096	11.6252	-38.444324	pazopanib	0.03	0.9556675618568216
1097	10.394717	-40.36772	pazopanib	0.3	0.8378654332969456
1098	10.224495	-40.83915	pazopanib	3.0	0.1627691789635086
1099	10.410796	-40.80217	pazopanib	30.0	-0.32046226545188716
1100	12.397537	-46.191055	pd325901	0.01	
1101	12.372397	-45.912647	pd325901	1.0	
1102	12.053121	-46.257965	pd325901	0.003	
1103	12.695463	-46.300873	pd325901	0.03	
1104	12.3153105	-45.938553	pd325901	0.3	
1105	12.190142	-46.298973	pd325901	3.0	
1106	12.168113	-46.232525	pd325901	30.0	
1107	11.280616	-46.227333	pelitinib	0.01	0.9508106580689786
1108	11.668475	-46.255676	pelitinib	0.1	0.7142801830386527
1109	11.34813	-46.024773	pelitinib	1.0	0.16347721967973514
1110	11.368216	-46.083714	pelitinib	0.003	0.9853029022452097
1111	11.428927	-45.849655	pelitinib	0.03	0.8699679771053587
1112	11.36858	-46.081177	pelitinib	0.3	0.5172082964381596
1113	11.418402	-45.966293	pelitinib	3.0	-0.204681948479806
1114	11.556131	-45.942455	pelitinib	30.0	-0.49902049431111933
1115	11.6944	-46.34576	pexidartinib	0.01	
1116	11.815645	-46.314995	pexidartinib	0.1	
1117	11.694301	-46.309074	pexidartinib	1.0	
1118	11.848584	-46.36171	pexidartinib	0.003	
1119	11.8590975	-46.26468	pexidartinib	0.03	
1120	11.705663	-46.289543	pexidartinib	0.3	
1121	11.836474	-46.211716	pexidartinib	3.0	
1122	11.751716	-46.29627	pexidartinib	30.0	
1123	11.879026	-46.027588	pexmetinib	0.01	
1124	11.134734	-45.74353	pexmetinib	0.1	
1125	11.061367	-45.252487	pexmetinib	1.0	
1126	11.7826605	-45.771664	pexmetinib	0.003	
1127	11.72343	-44.629696	pexmetinib	0.03	
1128	10.801838	-45.030807	pexmetinib	0.3	
1129	10.861945	-45.05638	pexmetinib	3.0	
1130	11.135354	-44.32136	pexmetinib	30.0	
1131	11.538985	-42.743973	pf03814735	0.01	
1132	11.67377	-45.139828	pf03814735	0.1	
1133	11.658356	-45.498013	pf03814735	1.0	
1134	11.541949	-45.520355	pf03814735	0.003	
1135	11.435254	-45.448544	pf03814735	0.03	
1136	11.600017	-45.506134	pf03814735	0.3	
1137	11.698757	-45.5704	pf03814735	3.0	
1138	11.62249	-45.54877	pf03814735	30.0	
1139	10.67424	-46.934914	pf04217903	0.01	
1140	10.867486	-46.833115	pf04217903	0.1	
1141	10.939154	-46.838802	pf04217903	1.0	
1142	10.890526	-46.78191	pf04217903	0.003	
1143	10.864962	-46.833958	pf04217903	0.03	
1144	10.930098	-46.77017	pf04217903	0.3	
1145	10.833704	-46.79338	pf04217903	3.0	
1146	10.863654	-46.829903	pf04217903	30.0	
1147	11.447803	-46.323734	pf04691502	0.01	
1148	11.385207	-46.394493	pf04691502	0.1	
1149	11.311373	-46.22292	pf04691502	1.0	
1150	11.592601	-46.346344	pf04691502	0.003	
1151	11.4334345	-46.211964	pf04691502	0.03	
1152	11.377273	-46.273495	pf04691502	0.3	
1153	11.632483	-46.28248	pf04691502	3.0	
1154	11.580609	-46.45964	pf04691502	30.0	
1155	11.475519	-46.16113	pf3758309	0.01	0.46653820322592443
1156	11.747398	-46.350178	pf3758309	0.1	0.1474449255942991
1157	11.651953	-46.414562	pf3758309	1.0	-0.2906405434429557
1158	11.572671	-46.24605	pf3758309	0.003	0.60400394169164
1159	11.62958	-46.358063	pf3758309	0.03	0.3241216610429087
1160	11.458695	-46.207035	pf3758309	0.3	-0.037099280018885905
1161	11.5662365	-46.37492	pf3758309	3.0	-0.5665016796302256
1162	11.769702	-46.103065	pf3758309	30.0	-0.7787862534121588
1163	11.563353	-45.98553	pf477736	0.01	0.8943281421262184
1164	11.447662	-45.829487	pf477736	0.1	0.6917570032683725
1165	11.7378435	-45.7117	pf477736	1.0	0.18692212391877672
1166	11.4207945	-46.01383	pf477736	0.003	0.929109477298369
1167	11.976675	-45.799072	pf477736	0.03	0.8385298795445237
1168	11.626751	-45.902798	pf477736	0.3	0.46289583733620693
1169	11.54773	-46.13253	pf477736	3.0	-0.13108659931107294
1170	11.807601	-46.0107	pf477736	30.0	-0.43859578835892554
1171	11.786943	-46.012062	pf562271	0.01	0.9155307471761708
1172	11.886855	-46.054714	pf562271	0.1	0.6490782777234332
1173	11.847516	-45.96312	pf562271	1.0	-0.04248545598970385
1174	11.771995	-45.90323	pf562271	0.003	0.961699176356008
1175	11.81302	-45.886932	pf562271	0.03	0.8299992650440359
1176	11.831142	-45.982132	pf562271	0.3	0.36225387830062444
1177	11.843413	-46.003387	pf562271	3.0	-0.34766671489813517
1178	11.719561	-46.113052	pf562271	30.0	-0.670811560307402
1179	11.6657505	-45.6511	ph797804	0.01	
1180	11.187546	-45.777664	ph797804	0.1	
1181	11.633155	-45.74742	ph797804	1.0	
1182	11.158872	-45.7345	ph797804	0.003	
1183	11.150431	-45.71257	ph797804	0.03	
1184	11.207749	-45.86033	ph797804	0.3	
1185	11.489731	-45.69452	ph797804	3.0	
1186	11.537021	-45.754112	ph797804	30.0	
1187	11.476371	-46.184357	pha793887	0.01	0.9266727978517839
1188	11.578259	-46.1424	pha793887	0.1	0.800855098421215
1189	11.4707365	-45.92708	pha793887	1.0	0.39444039302590866
1190	11.347636	-45.807556	pha793887	0.003	0.9541995977799349
1191	11.486436	-46.12167	pha793887	0.03	0.8838424232968105
1192	11.754955	-45.937927	pha793887	0.3	0.6669206558338157
1193	11.370114	-45.941795	pha793887	3.0	-0.1662025150110593
1194	11.587725	-45.75158	pha793887	30.0	-0.41835949433150393
1195	11.224181	-46.195194	pictilisib	0.01	0.6881025027659545
1196	11.196885	-46.22803	pictilisib	0.1	0.4286906266463821
1197	11.293315	-46.147655	pictilisib	1.0	0.15072507163503898
1198	11.149425	-46.054142	pictilisib	0.003	0.78979546084759
1199	11.272404	-46.18595	pictilisib	0.03	0.5719505535798229
1200	11.292385	-46.21024	pictilisib	0.3	0.2930292339717981
1201	11.766338	-45.8473	pictilisib	3.0	0.03749731329770593
1202	13.836913	-43.641956	pictilisib	30.0	-0.1293535895110989
1203	12.395183	-46.519135	pimasertib	0.01	
1204	12.908921	-46.604954	pimasertib	0.1	
1205	12.93906	-46.579563	pimasertib	1.0	
1206	12.80566	-46.651352	pimasertib	0.003	
1207	12.867457	-46.60031	pimasertib	0.03	
1208	13.024717	-46.540325	pimasertib	0.3	
1209	12.953914	-46.567745	pimasertib	3.0	
1210	12.933256	-46.591892	pimasertib	30.0	
1211	10.91167	-40.3392	ponatinib	0.1	
1212	11.2579775	-39.97633	ponatinib	1.0	
1213	14.018086	-39.173786	ponatinib	0.003	
1214	10.237313	-41.790035	ponatinib	0.03	
1215	11.194188	-39.950096	ponatinib	0.3	
1216	11.444208	-40.150707	ponatinib	3.0	
1217	11.443603	-40.117	ponatinib	30.0	
1218	13.060461	-37.33472	poziotinib	0.01	
1219	12.781965	-37.43529	poziotinib	0.1	
1220	12.635806	-37.69338	poziotinib	1.0	
1221	12.44033	-37.740032	poziotinib	0.003	
1222	12.898104	-37.40447	poziotinib	0.03	
1223	12.657741	-37.674	poziotinib	0.3	
1224	12.533245	-37.735218	poziotinib	3.0	
1225	12.535328	-37.89579	poziotinib	30.0	
1226	15.002209	-39.786213	quizartinib	0.01	0.9689862631309245
1227	14.992229	-39.74102	quizartinib	0.1	0.9166196249746701
1228	9.731408	-42.428116	quizartinib	1.0	0.6647159019399469
1229	14.978252	-39.768524	quizartinib	0.003	0.9807106022953732
1230	14.891277	-39.749886	quizartinib	0.03	0.9511527617296931
1231	9.743927	-42.431534	quizartinib	0.3	0.8421771738249569
1232	9.804726	-42.3591	quizartinib	3.0	0.2709072266989877
1233	11.901771	-39.062225	quizartinib	30.0	-0.16815736227389472
1234	12.69315	-42.397892	r406	0.01	0.9766922258941216
1235	12.788472	-42.156433	r406	0.1	0.8853312149925578
1236	12.820402	-42.171535	r406	1.0	0.46179170921870255
1237	14.831631	-40.479294	r406	0.003	0.9896088583178431
1238	12.688051	-42.063873	r406	0.03	0.9503934495628582
1239	12.808429	-42.107525	r406	0.3	0.7565229713797273
1240	12.669447	-41.98703	r406	3.0	-0.2319799043215026
1241	12.580718	-42.105797	r406	30.0	-0.8478654746020563
1242	14.410238	-41.91493	r547	0.01	
1243	14.340679	-42.08442	r547	0.1	
1244	14.454041	-42.006065	r547	1.0	
1245	14.605829	-41.243973	r547	0.003	
1246	14.529517	-41.960724	r547	0.03	
1247	14.37675	-42.11836	r547	0.3	
1248	14.484033	-42.094906	r547	3.0	
1249	14.455401	-42.221066	r547	30.0	
1250	12.68962	-44.81908	rabusertib	0.01	
1251	12.642255	-44.815308	rabusertib	0.1	
1252	12.747315	-44.84713	rabusertib	1.0	
1253	13.054549	-45.427708	rabusertib	0.003	
1254	12.707419	-44.732143	rabusertib	0.03	
1255	12.642217	-44.804	rabusertib	0.3	
1256	12.650716	-44.785442	rabusertib	3.0	
1257	12.618812	-44.753605	rabusertib	30.0	
1258	15.011203	-41.4625	raf265	0.01	0.9354371712855215
1259	15.100521	-41.498264	raf265	0.1	0.7888236780934597
1260	13.316561	-42.73532	raf265	1.0	0.29123865853930736
1261	15.103921	-41.531456	raf265	0.003	0.9638298945145313
1262	15.136268	-41.4667	raf265	0.03	0.8887961084561098
1263	13.356667	-42.719368	raf265	0.3	0.6024715168137139
1264	13.413494	-42.65225	raf265	3.0	-0.1259665084550641
1265	13.39483	-42.79392	raf265	30.0	-0.4124253413559623
1266	14.954454	-41.837334	rdea436	0.01	
1267	14.267336	-46.35592	rdea436	0.1	
1268	13.347011	-46.426975	rdea436	1.0	
1269	13.62454	-40.576805	rdea436	0.003	
1270	14.215525	-46.29148	rdea436	0.03	
1271	13.272982	-46.333603	rdea436	0.3	
1272	13.256006	-46.277744	rdea436	3.0	
1273	13.395955	-46.03449	rdea436	30.0	
1274	12.383281	-40.88023	rebastinib	0.01	
1275	12.315113	-40.923542	rebastinib	0.1	
1276	12.084891	-40.894417	rebastinib	1.0	
1277	13.023663	-42.53035	rebastinib	0.003	
1278	12.61794	-40.95345	rebastinib	0.03	
1279	12.211924	-41.07549	rebastinib	0.3	
1280	12.051649	-40.966198	rebastinib	3.0	
1281	11.802126	-40.721615	rebastinib	30.0	
1282	13.071431	-45.18038	refametinib	0.01	
1283	11.79481	-44.203236	refametinib	0.1	
1284	13.337923	-46.033463	refametinib	1.0	
1285	13.122754	-45.651154	refametinib	0.003	
1286	13.274702	-45.91724	refametinib	0.03	
1287	11.75834	-44.131744	refametinib	0.3	
1288	13.320042	-46.12247	refametinib	3.0	
1289	13.359867	-45.997364	refametinib	30.0	
1290	14.462509	-39.28042	regorafenib	0.01	0.9767197543536462
1291	14.478216	-39.32407	regorafenib	0.1	0.9227639876593516
1292	11.093458	-38.694515	regorafenib	1.0	0.5909648295693543
1293	14.504666	-39.206436	regorafenib	0.003	0.9853692547326328
1294	14.481394	-39.249165	regorafenib	0.03	0.9610512273026133
1295	14.145903	-39.25552	regorafenib	0.3	0.8439719568250107
1296	10.945586	-39.172436	regorafenib	3.0	-0.03241237929365788
1297	11.158064	-39.133698	regorafenib	30.0	-0.438095931470878
1298	14.163568	-42.840202	rgb286638	0.01	
1299	14.068507	-42.812122	rgb286638	0.1	
1300	14.02539	-42.883507	rgb286638	1.0	
1301	14.096915	-42.897095	rgb286638	0.003	
1302	14.060171	-42.763676	rgb286638	0.03	
1303	14.073448	-42.74011	rgb286638	0.3	
1304	13.879704	-42.789604	rgb286638	3.0	
1305	13.924493	-42.72479	rgb286638	30.0	
1306	14.1958	-42.004345	ribociclib	0.01	
1307	13.93302	-42.180065	ribociclib	0.1	
1308	13.968957	-42.136974	ribociclib	1.0	
1309	14.343948	-40.991062	ribociclib	0.003	
1310	14.416197	-41.379745	ribociclib	0.03	
1311	14.033659	-42.152977	ribociclib	0.3	
1312	14.038127	-42.272953	ribociclib	3.0	
1313	14.054721	-42.167507	ribociclib	30.0	
1314	16.42907	-41.035694	rigosertib	0.01	0.8243615433979962
1315	16.32359	-41.05134	rigosertib	0.1	0.27748047022273004
1316	16.400162	-41.06538	rigosertib	1.0	-0.1179557146109125
1317	17.065233	-40.607986	rigosertib	0.003	0.9362507545779211
1318	16.391176	-41.042004	rigosertib	0.03	0.5782024078005542
1319	16.312983	-41.01207	rigosertib	0.3	-0.004506800320471897
1320	16.388155	-41.13565	rigosertib	3.0	-0.15983839681164702
1321	16.331198	-41.13895	rigosertib	30.0	-0.19173754564908732
1322	15.110985	-43.339542	ripasudil	0.01	
1323	15.157081	-43.730476	ripasudil	0.1	
1324	15.327933	-43.802498	ripasudil	1.0	
1325	14.904544	-42.8569	ripasudil	0.003	
1326	15.180244	-43.475666	ripasudil	0.03	
1327	15.240965	-43.748955	ripasudil	0.3	
1328	15.289702	-44.071472	ripasudil	3.0	
1329	15.174059	-44.139233	ripasudil	30.0	
1330	13.787606	-46.329876	ro4987655	0.01	
1331	13.342991	-45.382828	ro4987655	0.1	
1332	13.267399	-46.3489	ro4987655	1.0	
1333	14.3195	-46.29619	ro4987655	0.003	
1334	14.333931	-46.37279	ro4987655	0.03	
1335	13.310557	-46.3001	ro4987655	0.3	
1336	13.138163	-46.192417	ro4987655	3.0	
1337	13.352595	-45.40312	ro4987655	30.0	
1338	13.976018	-45.620495	ro5126766	0.01	
1339	13.787803	-45.662308	ro5126766	0.1	
1340	13.726707	-45.822437	ro5126766	1.0	
1341	13.791689	-45.611362	ro5126766	0.003	
1342	13.782766	-45.680176	ro5126766	0.03	
1343	13.664152	-45.859226	ro5126766	0.3	
1344	13.653367	-45.821198	ro5126766	3.0	
1345	13.622385	-45.72475	ro5126766	30.0	
1346	14.486411	-40.081432	rociletinib	0.01	
1347	13.866602	-38.53055	rociletinib	0.1	
1348	13.147942	-37.418175	rociletinib	1.0	
1349	14.542407	-40.266365	rociletinib	0.003	
1350	13.865053	-43.412632	rociletinib	0.03	
1351	13.330348	-39.031	rociletinib	0.3	
1352	12.792958	-37.882294	rociletinib	3.0	
1353	12.858047	-38.166615	rociletinib	30.0	
1354	14.949648	-42.830894	ruboxistaurin	0.01	
1355	14.222917	-43.939724	ruboxistaurin	0.1	
1356	14.071281	-43.940315	ruboxistaurin	1.0	
1357	14.832447	-42.74646	ruboxistaurin	0.003	
1358	14.540742	-43.375973	ruboxistaurin	0.03	
1359	14.32395	-43.96442	ruboxistaurin	0.3	
1360	14.128127	-43.98829	ruboxistaurin	3.0	
1361	14.042413	-43.92483	ruboxistaurin	30.0	
1362	12.312597	-42.479366	ruxolitinib	0.01	0.9982145035414293
1363	12.28845	-42.398273	ruxolitinib	0.1	0.9886982432840796
1364	12.519007	-42.462803	ruxolitinib	1.0	0.8946225268632818
1365	11.939504	-44.99096	ruxolitinib	0.003	0.9992659368801807
1366	12.288273	-42.38847	ruxolitinib	0.03	0.9958152239982244
1367	12.186533	-42.361675	ruxolitinib	0.3	0.9697766537175804
1368	13.887346	-42.593933	ruxolitinib	3.0	0.3515642120612246
1369	13.125168	-42.88767	ruxolitinib	30.0	-0.9119674347234837
1370	14.443668	-39.897484	sapanisertib	0.01	
1371	12.489551	-40.426952	sapanisertib	0.1	
1372	12.334996	-40.49402	sapanisertib	1.0	
1373	12.721849	-40.47763	sapanisertib	0.003	
1374	12.542799	-40.194202	sapanisertib	0.03	
1375	12.364679	-40.5624	sapanisertib	0.3	
1376	12.456171	-40.637943	sapanisertib	3.0	
1377	12.383137	-40.543175	sapanisertib	30.0	
1378	13.380882	-37.44004	sapitinib	0.01	
1379	13.281463	-37.662888	sapitinib	0.1	
1380	13.27181	-37.583927	sapitinib	1.0	
1381	13.015634	-37.71964	sapitinib	0.003	
1382	13.007669	-39.441772	sapitinib	0.03	
1383	13.266421	-37.461056	sapitinib	0.3	
1384	13.012975	-39.22306	sapitinib	3.0	
1385	12.914034	-39.03046	sapitinib	30.0	
1386	15.086748	-44.148376	sar407899	0.01	
1387	15.129535	-44.18764	sar407899	0.1	
1388	15.088804	-44.237164	sar407899	1.0	
1389	14.982783	-44.131832	sar407899	0.003	
1390	15.076577	-44.14613	sar407899	0.03	
1391	14.984211	-44.171665	sar407899	0.3	
1392	15.156964	-44.176125	sar407899	3.0	
1393	15.138312	-44.186066	sar407899	30.0	
1394	12.411848	-39.059917	saracatinib	0.01	0.9512362022877369
1395	12.27553	-39.198334	saracatinib	0.1	0.8373137849547778
1396	12.230089	-39.282894	saracatinib	1.0	0.4544260945687651
1397	12.129603	-38.992134	saracatinib	0.003	0.9734779544692825
1398	12.1117525	-39.23262	saracatinib	0.03	0.9137277618274071
1399	12.0969515	-39.543404	saracatinib	0.3	0.7055511322578824
1400	12.235201	-39.500587	saracatinib	3.0	0.011959762189655722
1401	12.170271	-39.55767	saracatinib	30.0	-0.7352636853182171
1402	14.907774	-41.573906	sb1317	0.01	
1403	14.718645	-42.014828	sb1317	0.1	
1404	14.254368	-42.28687	sb1317	1.0	
1405	14.864251	-41.574406	sb1317	0.003	
1406	14.095558	-42.12598	sb1317	0.03	
1407	14.213106	-42.246243	sb1317	0.3	
1408	14.3432045	-42.27475	sb1317	3.0	
1409	13.824012	-42.76597	sb1317	30.0	
1410	14.456598	-41.28381	sch900776	0.01	
1411	12.685854	-44.80548	sch900776	0.1	
1412	12.706156	-44.283997	sch900776	1.0	
1413	14.293595	-42.264225	sch900776	0.003	
1414	12.740648	-44.766266	sch900776	0.03	
1415	12.768741	-44.68503	sch900776	0.3	
1416	12.739194	-44.29753	sch900776	3.0	
1417	12.735249	-44.043633	sch900776	30.0	
1418	14.410604	-41.1252	seliciclib	0.01	0.9971454803396472
1419	14.434962	-41.16115	seliciclib	0.1	0.9591047643275225
1420	13.41851	-43.51051	seliciclib	1.0	0.46521836455212523
1421	14.524626	-41.116142	seliciclib	0.003	0.9992736609786973
1422	13.338337	-43.575474	seliciclib	0.03	0.9899068201552703
1423	13.198575	-43.658188	seliciclib	0.3	0.8538534374464256
1424	13.297029	-43.709076	seliciclib	3.0	-0.2332835541442125
1425	13.296549	-43.60109	seliciclib	30.0	-0.9358687296547398
1426	12.232206	-46.109173	selumetinib	0.01	0.8329137808288473
1427	13.341616	-46.275253	selumetinib	0.1	0.6731761546620187
1428	13.585274	-46.32719	selumetinib	1.0	0.3829555878709796
1429	12.920475	-45.87665	selumetinib	0.003	0.883259999209303
1430	13.323198	-46.128365	selumetinib	0.03	0.7688261400465173
1431	13.178875	-46.36405	selumetinib	0.3	0.5563666374000344
1432	14.145751	-46.282345	selumetinib	3.0	0.1402007687723225
1433	13.48051	-46.095825	selumetinib	30.0	-0.3888417187560803
1434	15.377725	-39.505196	sgi1776	0.01	
1435	13.411499	-41.64567	sgi1776	0.1	
1436	9.877306	-42.336044	sgi1776	1.0	
1437	13.108519	-40.869026	sgi1776	0.003	
1438	13.377537	-40.82773	sgi1776	0.03	
1439	15.530433	-42.694893	sgi1776	0.3	
1440	12.951519	-41.126236	sgi1776	3.0	
1441	12.447374	-41.268143	sgi1776	30.0	
1442	12.6434145	-44.00753	silmitasertib	0.01	0.9860208848979672
1443	14.540774	-42.800358	silmitasertib	0.1	0.9499632164539225
1444	14.495631	-43.042606	silmitasertib	1.0	0.600972785146046
1445	13.832696	-43.47286	silmitasertib	0.003	0.9917479132051114
1446	14.380696	-42.856575	silmitasertib	0.03	0.9757951851286368
1447	14.380622	-42.97005	silmitasertib	0.3	0.8669201496128971
1448	14.447354	-42.83731	silmitasertib	3.0	-0.0391153860431403
1449	14.156632	-42.88674	silmitasertib	30.0	-0.34924979895570624
1450	14.44275	-39.51461	sns314	0.01	
1451	14.702829	-39.515774	sns314	0.1	
1452	10.484787	-40.29064	sns314	1.0	
1453	14.375975	-39.526657	sns314	0.003	
1454	14.597274	-39.52075	sns314	0.03	
1455	10.586646	-40.29952	sns314	0.3	
1456	10.498096	-40.283306	sns314	3.0	
1457	10.532989	-40.34144	sns314	30.0	
1458	16.264763	-37.39807	sonolisib	0.01	
1459	16.34338	-37.329037	sonolisib	0.1	
1460	16.383654	-37.290024	sonolisib	1.0	
1461	16.322075	-37.304623	sonolisib	0.003	
1462	16.345201	-37.32476	sonolisib	0.03	
1463	16.299648	-37.369984	sonolisib	0.3	
1464	16.338736	-37.331738	sonolisib	3.0	
1465	16.308268	-37.364582	sonolisib	30.0	
1466	14.7663355	-39.510742	sorafenib	0.01	0.987759182594839
1467	14.171216	-39.48765	sorafenib	0.1	0.9524745449996995
1468	11.129169	-38.923008	sorafenib	1.0	0.6687422406099378
1469	14.463657	-39.484257	sorafenib	0.003	0.9932409590573051
1470	14.50364	-39.478107	sorafenib	0.03	0.9777538179409414
1471	11.30964	-38.75953	sorafenib	0.3	0.8915390121969243
1472	10.894058	-39.019928	sorafenib	3.0	-0.07013276268653991
1473	11.108199	-38.99338	sorafenib	30.0	-0.6380875637773671
1474	13.98456	-44.210957	sotrastaurin	0.01	0.9804199085080675
1475	13.851524	-44.33223	sotrastaurin	0.1	0.9583515458741076
1476	13.942235	-44.2612	sotrastaurin	1.0	0.8615403150746374
1477	14.413914	-43.46487	sotrastaurin	0.003	0.9859976198234884
1478	13.533352	-44.45517	sotrastaurin	0.03	0.972623116218601
1479	13.830765	-44.337654	sotrastaurin	0.3	0.933379682081611
1480	14.004416	-44.251167	sotrastaurin	3.0	0.3787987278629003
1481	13.884528	-44.0425	sotrastaurin	30.0	-0.8165054664113424
1482	9.902271	-42.49093	su14813	0.01	
1483	10.297905	-42.04029	su14813	0.1	
1484	17.4737	-38.45148	su14813	1.0	
1485	10.170437	-41.82542	su14813	0.003	
1486	10.3514805	-42.013866	su14813	0.03	
1487	10.919589	-42.42064	su14813	0.3	
1488	11.07948	-42.611046	su14813	3.0	
1489	11.465753	-42.867313	su14813	30.0	
1490	10.210535	-41.917156	sunitinib	0.01	0.9846735284684457
1491	10.354032	-41.914585	sunitinib	0.1	0.9497344586303899
1492	10.5210705	-42.095734	sunitinib	1.0	0.5918150809785913
1493	14.035452	-40.599945	sunitinib	0.003	0.9895062127808096
1494	10.306633	-41.954773	sunitinib	0.03	0.9753483583785587
1495	10.356639	-41.900272	sunitinib	0.3	0.8830013751869944
1496	11.779809	-42.735214	sunitinib	3.0	-0.43870699590322343
1497	12.152741	-42.993164	sunitinib	30.0	-0.8312631291998996
1498	13.106466	-39.0946	tak285	0.01	
1499	13.001278	-39.036568	tak285	0.1	
1500	12.849011	-38.68725	tak285	1.0	
1501	13.039077	-39.176483	tak285	0.003	
1502	12.919015	-39.18471	tak285	0.03	
1503	12.567602	-38.918358	tak285	0.3	
1504	12.728225	-38.894405	tak285	30.0	
1505	10.523132	-39.527138	tak593	0.01	
1506	10.545323	-39.462776	tak593	0.1	
1507	10.366696	-41.483482	tak593	1.0	
1508	10.650131	-39.508068	tak593	0.003	
1509	10.555476	-39.56583	tak593	0.03	
1510	10.345574	-41.494114	tak593	0.3	
1511	10.689492	-39.414257	tak593	3.0	
1512	10.473743	-39.58136	tak593	30.0	
1513	13.498747	-46.29655	tak733	0.01	
1514	13.216516	-45.510155	tak733	0.1	
1515	13.148542	-45.653736	tak733	1.0	
1516	12.670048	-39.09034	tak733	0.003	
1517	13.414265	-46.26543	tak733	0.03	
1518	13.073359	-45.656612	tak733	0.3	
1519	13.045387	-45.642887	tak733	3.0	
1520	13.174149	-45.579918	tak733	30.0	
1521	13.8055935	-39.89466	tak901	0.01	
1522	12.22775	-40.96547	tak901	0.1	
1523	12.159603	-41.709892	tak901	1.0	
1524	12.840625	-39.922016	tak901	0.003	
1525	13.280299	-40.2633	tak901	0.03	
1526	11.953036	-41.24196	tak901	0.3	
1527	11.970425	-41.592506	tak901	3.0	
1528	12.094183	-41.973507	tak901	30.0	
1529	10.723115	-45.10062	talmapimod	0.01	
1530	10.834272	-45.30875	talmapimod	0.1	
1531	10.75575	-45.19624	talmapimod	1.0	
1532	10.935899	-45.54483	talmapimod	0.003	
1533	10.936168	-45.50918	talmapimod	0.03	
1534	10.750243	-45.073032	talmapimod	0.3	
1535	10.846373	-45.237183	talmapimod	3.0	
1536	10.776226	-45.17741	talmapimod	30.0	
1537	14.923705	-40.470127	tandutinib	0.01	0.9931509306376468
1538	9.717707	-42.488747	tandutinib	0.1	0.9802984110636201
1539	9.726159	-42.414513	tandutinib	1.0	0.8137937633505169
1540	12.737622	-41.71557	tandutinib	0.003	0.9961051650154771
1541	9.743087	-42.38403	tandutinib	0.03	0.9888247038510616
1542	9.759191	-42.434376	tandutinib	0.3	0.960567567867522
1543	9.759052	-42.403606	tandutinib	3.0	-0.11972343807121086
1544	9.883243	-42.423668	tandutinib	30.0	-0.5891679737635741
1545	11.672471	-44.103527	tanzisertib	0.01	
1546	11.568484	-43.98839	tanzisertib	0.1	
1547	11.545306	-43.791016	tanzisertib	1.0	
1548	11.344206	-43.946774	tanzisertib	0.003	
1549	11.707828	-44.034424	tanzisertib	0.03	
1550	11.551922	-43.816185	tanzisertib	0.3	
1551	11.433612	-43.856525	tanzisertib	3.0	
1552	11.351578	-43.94236	tanzisertib	30.0	
1553	9.642926	-38.652424	telatinib	0.01	
1554	9.555172	-38.476803	telatinib	0.1	
1555	9.617566	-38.5379	telatinib	1.0	
1556	9.578961	-38.49972	telatinib	0.003	
1557	9.62823	-38.603203	telatinib	0.03	
1558	9.606497	-38.510765	telatinib	0.3	
1559	9.524435	-38.44456	telatinib	3.0	
1560	10.254889	-41.418484	telatinib	30.0	
1561	10.620644	-46.96242	tepotinib	0.01	
1562	10.712226	-47.075977	tepotinib	0.1	
1563	10.763939	-47.072224	tepotinib	1.0	
1564	10.637623	-46.962414	tepotinib	0.003	
1565	10.775628	-47.061653	tepotinib	0.03	
1566	10.778664	-47.170036	tepotinib	0.3	
1567	10.744915	-47.114162	tepotinib	3.0	
1568	10.698963	-47.10545	tepotinib	30.0	
1569	11.420136	-39.460922	tesevatinib	0.01	
1570	11.407482	-39.50701	tesevatinib	0.1	
1571	11.522864	-39.44378	tesevatinib	1.0	
1572	13.335068	-38.143093	tesevatinib	0.003	
1573	11.342245	-39.457817	tesevatinib	0.03	
1574	11.409877	-39.490456	tesevatinib	0.3	
1575	11.641141	-39.380077	tesevatinib	3.0	
1576	11.65193	-39.796047	tesevatinib	30.0	
1577	9.09127	-39.702644	tg100115	0.01	0.9942590156415335
1578	9.360271	-40.08825	tg100115	0.1	0.9759819957116266
1579	9.369458	-40.29865	tg100115	1.0	0.8332537017061787
1580	9.040897	-39.70191	tg100115	0.003	0.9968333043846963
1581	9.446853	-40.13058	tg100115	0.03	0.9892344569998797
1582	9.334345	-40.117653	tg100115	3.0	0.38543651334372625
1583	9.2826	-39.967247	tg100115	30.0	-0.6957089701782758
1584	11.971635	-39.822605	tg100572	0.01	
1585	11.907862	-39.877007	tg100572	0.1	
1586	11.893557	-39.709618	tg100572	1.0	
1587	12.0062	-39.847313	tg100572	0.003	
1588	11.945461	-39.774933	tg100572	0.03	
1589	11.962373	-39.825935	tg100572	0.3	
1590	11.921425	-39.70517	tg100572	3.0	
1591	11.950311	-39.818172	tg100572	30.0	
1592	11.840966	-39.63203	tg100801	0.01	
1593	11.051408	-39.92786	tg100801	0.1	
1594	12.028549	-39.492718	tg100801	1.0	
1595	13.925977	-39.200146	tg100801	0.003	
1596	11.517413	-39.848675	tg100801	0.03	
1597	12.022927	-39.30738	tg100801	0.3	
1598	11.90878	-39.50569	tg100801	3.0	
1599	11.840642	-39.67832	tg100801	30.0	
1600	17.259443	-40.469433	tivantinib	0.01	0.9611503203658766
1601	17.24589	-40.492207	tivantinib	0.1	0.7902318830656341
1602	10.707115	-47.01113	tivantinib	1.0	0.04703108615971752
1603	17.238842	-40.493027	tivantinib	0.003	0.9819565525372732
1604	17.254316	-40.476463	tivantinib	0.03	0.9170296715044669
1605	17.272675	-40.457573	tivantinib	0.3	0.48769884771494043
1606	10.630211	-47.112946	tivantinib	3.0	-0.26686915558168317
1607	10.736281	-46.98912	tivantinib	30.0	-0.44745405748466494
1608	14.616783	-39.25623	tivozanib	0.01	0.9679245023959059
1609	10.809685	-39.055546	tivozanib	0.1	0.8997294720966965
1610	10.592572	-40.06421	tivozanib	1.0	0.5232995343343398
1611	14.492331	-39.174988	tivozanib	0.003	0.9805170949539186
1612	14.420167	-39.154865	tivozanib	0.03	0.946597466261315
1613	10.784482	-39.19598	tivozanib	0.3	0.8026948871239472
1614	10.659801	-39.89551	tivozanib	3.0	-0.12126248378925275
1615	10.923677	-40.054924	tivozanib	30.0	-0.5964980883141958
1616	14.223024	-44.511078	tofacitinib	0.01	
1617	14.216004	-44.3619	tofacitinib	0.1	
1618	13.427024	-45.232056	tofacitinib	1.0	
1619	13.478901	-45.29327	tofacitinib	0.003	
1620	13.948901	-44.55277	tofacitinib	0.03	
1621	13.853533	-44.358803	tofacitinib	0.3	
1622	13.52233	-45.202946	tofacitinib	3.0	
1623	13.488016	-44.812035	tofacitinib	30.0	
1624	11.172195	-42.422337	tozasertib	0.01	0.9061109138553198
1625	11.292023	-42.30884	tozasertib	0.1	0.7210130753237565
1626	11.285677	-42.36617	tozasertib	1.0	0.27456352114899296
1627	11.020723	-46.843914	tozasertib	0.003	0.9449434848792423
1628	11.358626	-42.39718	tozasertib	0.03	0.8466045535911758
1629	11.338696	-42.410355	tozasertib	0.3	0.527423581865801
1630	11.152958	-42.29939	tozasertib	3.0	-0.1480453261262802
1631	11.216697	-42.41438	tozasertib	30.0	-0.671402852278788
1632	13.63368	-46.10495	trametinib	0.01	0.6104785637178178
1633	13.602231	-46.299503	trametinib	0.1	0.38369113080956185
1634	13.224409	-46.271244	trametinib	1.0	0.20466611840032123
1635	13.870748	-46.29832	trametinib	0.003	0.7422023347851053
1636	14.13848	-46.317394	trametinib	0.03	0.49399776634520626
1637	13.277977	-46.33259	trametinib	0.3	0.2963038329562396
1638	16.018099	-41.81702	trametinib	3.0	0.05576477834972364
1639	16.031233	-41.77998	trametinib	30.0	-0.10655111710812709
1640	14.476147	-40.89749	ucn01	0.01	
1641	12.989661	-44.05107	ucn01	0.1	
1642	13.172494	-43.909294	ucn01	1.0	
1643	13.173568	-42.985245	ucn01	0.003	
1644	13.313308	-44.051	ucn01	0.03	
1645	13.3476715	-44.01554	ucn01	0.3	
1646	13.035711	-43.795704	ucn01	3.0	
1647	13.361788	-43.875923	ucn01	30.0	
1648	12.818199	-43.568	ulixertinib	0.01	
1649	18.013208	-33.80506	ulixertinib	0.1	
1650	18.00985	-33.750874	ulixertinib	1.0	
1651	12.909892	-43.4326	ulixertinib	0.003	
1652	17.74992	-34.222317	ulixertinib	0.03	
1653	18.009426	-33.764843	ulixertinib	0.3	
1654	17.974684	-33.716972	ulixertinib	3.0	
1655	17.976847	-33.723114	ulixertinib	30.0	
1656	14.305255	-41.85399	uprosertib	0.01	
1657	15.779463	-43.867092	uprosertib	0.1	
1658	15.805227	-44.056942	uprosertib	1.0	
1659	14.48452	-41.644176	uprosertib	0.003	
1660	15.764587	-43.834476	uprosertib	0.03	
1661	15.875139	-43.91919	uprosertib	0.3	
1662	16.084116	-44.0239	uprosertib	3.0	
1663	15.937841	-44.017426	uprosertib	30.0	
1664	14.828087	-38.317585	vandetanib	0.01	0.981493854677738
1665	14.687261	-38.25278	vandetanib	0.1	0.9142513158891782
1666	12.581873	-38.894955	vandetanib	1.0	0.5548149147436173
1667	14.749588	-38.266228	vandetanib	0.003	0.9914528969218647
1668	14.799844	-38.22456	vandetanib	0.03	0.9617027973309862
1669	14.441059	-38.308475	vandetanib	0.3	0.8180134297679553
1670	12.05908	-39.09704	vandetanib	3.0	-0.10743075365876793
1671	11.774516	-39.36343	vandetanib	30.0	-0.6294877936517806
1672	13.395695	-37.21993	varlitinib	0.01	
1673	13.362793	-37.310535	varlitinib	0.1	
1674	12.688833	-37.72146	varlitinib	1.0	
1675	12.77049	-38.07395	varlitinib	0.003	
1676	13.286149	-37.463707	varlitinib	0.03	
1677	12.734399	-37.731197	varlitinib	0.3	
1678	12.629475	-37.802532	varlitinib	3.0	
1679	12.734393	-37.931576	varlitinib	30.0	
1680	15.391825	-39.430065	vatalanib	0.01	
1681	15.451719	-39.377205	vatalanib	0.1	
1682	15.453233	-39.41245	vatalanib	1.0	
1683	15.5016575	-39.383846	vatalanib	0.003	
1684	15.43244	-39.37053	vatalanib	0.03	
1685	15.518563	-39.339737	vatalanib	0.3	
1686	10.231781	-41.663387	vatalanib	3.0	
1687	10.270554	-41.62877	vatalanib	30.0	
1688	14.1668215	-38.862244	vemurafenib	0.01	0.9973850853019304
1689	11.778001	-38.95662	vemurafenib	0.1	0.9621686025225483
1690	11.6655245	-38.79711	vemurafenib	1.0	0.5651342323844929
1691	14.106072	-38.94327	vemurafenib	0.003	0.9993549569704575
1692	14.134324	-38.76857	vemurafenib	0.03	0.9906107945580848
1693	11.60272	-38.85535	vemurafenib	0.3	0.869870211488725
1694	11.70244	-38.898365	vemurafenib	3.0	0.05523357656486314
1695	11.792659	-39.090237	vemurafenib	30.0	-0.5871890731988052
1696	14.281084	-40.600067	volasertib	0.01	
1697	13.948413	-40.631897	volasertib	0.1	
1698	9.063793	-39.710896	volasertib	1.0	
1699	13.999031	-40.564194	volasertib	0.003	
1700	9.1825	-39.71951	volasertib	0.03	
1701	9.065713	-39.67334	volasertib	0.3	
1702	9.057511	-39.655365	volasertib	3.0	
1703	9.031642	-39.67174	volasertib	30.0	
1704	10.6467705	-44.653294	vx702	0.01	
1705	10.3272085	-44.831703	vx702	0.1	
1706	10.408376	-44.817276	vx702	1.0	
1707	10.484502	-44.682316	vx702	0.003	
1708	10.33792	-44.820354	vx702	0.03	
1709	10.400992	-44.772335	vx702	0.3	
1710	10.334777	-44.732002	vx702	3.0	
1711	10.528753	-44.87138	vx702	30.0	
1712	11.171536	-47.219906	x396	0.01	
1713	11.545731	-47.132206	x396	0.1	
1714	11.81616	-47.15104	x396	1.0	
1715	10.7570505	-47.035824	x396	0.003	
1716	11.094512	-47.212032	x396	0.03	
1717	11.800028	-47.141426	x396	0.3	
1718	11.418843	-47.239174	x396	3.0	
1719	11.638894	-47.19262	x396	30.0	
1720	13.674435	-41.530575	xl019	0.01	
1721	13.004991	-41.16993	xl019	0.1	
1722	13.011806	-41.806046	xl019	1.0	
1723	13.451157	-41.64957	xl019	0.003	
1724	13.375064	-41.85684	xl019	0.03	
1725	13.186189	-41.567482	xl019	0.3	
1726	13.014535	-42.122723	xl019	3.0	
1727	12.954697	-42.361744	xl019	30.0	
1728	11.595577	-41.74351	xl228	0.01	
1729	11.511522	-41.481415	xl228	0.1	
1730	11.878425	-41.59159	xl228	1.0	
1731	11.391681	-41.82105	xl228	0.003	
1732	11.776135	-41.484776	xl228	0.03	
1733	11.714152	-41.481514	xl228	0.3	
1734	11.758719	-41.554504	xl228	3.0	
1735	11.951824	-41.688156	xl228	30.0	
1736	14.935521	-42.953754	xl413	0.01	
1737	13.821208	-43.27746	xl413	0.1	
1738	15.3800335	-42.90399	xl413	1.0	
1739	15.116191	-42.7399	xl413	0.003	
1740	14.179013	-43.30427	xl413	0.03	
1741	13.983806	-43.388176	xl413	0.3	
1742	13.938568	-43.32071	xl413	3.0	
1743	15.130829	-42.91329	xl413	30.0	
1744	15.296916	-43.611164	y39983	0.01	0.9802852478701797
1745	15.114967	-43.947857	y39983	0.1	0.8740972506792221
1746	15.090617	-43.81513	y39983	1.0	0.25495591567645604
1747	15.162958	-42.873867	y39983	0.003	0.9924743886899011
1748	15.187542	-43.79669	y39983	0.03	0.9522956874622808
1749	15.0993595	-43.971283	y39983	0.3	0.6969770391373755
1750	14.994993	-43.85229	y39983	3.0	-0.3253610934031674
1751	14.685246	-43.762974	y39983	30.0	-0.8949542410193563
