,Drug,Concentration,Average Growth,UMAP_x,UMAP_y
0,afatinib,0.003,0.8941341626465109,5.8346252,-0.5969988
1,afatinib,0.01,0.8331274268855339,5.960456,-3.1421654
2,afatinib,0.03,0.7612550611833699,5.8853493,-3.0278885
3,afatinib,0.1,0.6563108294899432,5.9122276,-3.1267734
4,afatinib,0.3,0.5047313487911936,5.882901,-3.0524783
5,afatinib,1.0,0.1695828501244145,5.909351,-3.066241
6,afatinib,3.0,-0.5287227987403267,5.9256463,-3.0529234
7,afatinib,30.0,-0.8059325022289666,5.975208,-2.9637225
8,alisertib,0.003,0.8810625439538184,5.268553,0.8252219
9,alisertib,0.01,0.8034487284478619,5.225594,0.84546083
10,alisertib,0.03,0.6949777999464641,3.9913394,3.5971942
11,alisertib,0.1,0.5181047722802369,4.001485,3.6698458
12,alisertib,0.3,0.34626083741296804,3.8049283,3.7102635
13,alisertib,1.0,0.13355453347110538,3.625518,3.6650527
14,alisertib,3.0,-0.09367429812973356,3.7530212,3.6334593
15,alisertib,30.0,-0.41320000561272646,3.7452846,3.6112313
16,alvocidib,0.003,0.9785113116481389,6.4156027,1.130573
17,alvocidib,0.01,0.947409161344276,6.834399,1.6867914
18,alvocidib,0.03,0.8615103428976902,6.8394036,1.6278442
19,alvocidib,0.1,0.1343751473436066,7.2252755,1.8494954
20,alvocidib,0.3,-0.4534677053344443,7.3150196,1.8177239
21,alvocidib,1.0,-0.5075213854652441,7.3381977,1.8907634
22,alvocidib,3.0,-0.5144141157842538,7.369005,1.8721217
23,alvocidib,30.0,-0.5173467264455653,7.165915,1.9785541
24,at7519,0.003,0.9845237703668404,7.439121,1.2061516
25,at7519,0.01,0.9397547830423244,7.617033,1.550778
26,at7519,0.03,0.7901041944692794,7.8622823,1.9485002
27,at7519,0.1,0.3582708497648685,7.8684597,1.9909432
28,at7519,0.3,-0.08176108988453148,7.79848,1.9166988
29,at7519,1.0,-0.2974952675042754,7.747911,1.864526
30,at7519,3.0,-0.34247611893812624,7.7761173,1.8967563
31,at7519,30.0,-0.3551076900704355,7.7548776,1.902004
32,axitinib,0.003,0.9718176971667185,5.2575727,0.25273162
33,axitinib,0.01,0.9507635770869349,5.4153066,0.4643298
34,axitinib,0.03,0.9235781106646925,5.2427297,0.18914531
35,axitinib,0.1,0.8721306002698866,5.290178,0.29746327
36,axitinib,0.3,0.7724049916033235,5.2591085,0.32626215
37,axitinib,1.0,0.4944076758039161,2.6875873,-0.94327843
38,axitinib,3.0,0.012570945624475202,2.733062,-0.9826913
39,axitinib,30.0,-0.4277584007390454,3.4646516,3.2920759
40,azd1480,0.003,0.9921591201868356,4.732015,2.5293999
41,azd1480,0.01,0.9840483229399047,4.708857,2.4547317
42,azd1480,0.03,0.9680490527236892,4.7099123,2.4912615
43,azd1480,0.1,0.9307459103964819,4.739871,2.4026072
44,azd1480,0.3,0.8562198754435838,4.8561344,1.9339187
45,azd1480,1.0,0.6446746191452767,4.6773214,1.3092219
46,azd1480,3.0,0.15818191745872606,4.2629933,1.1251119
47,azd1480,30.0,-0.5257578851435858,2.868117,-0.90077996
48,azd4547,0.003,0.970670974402493,3.0594807,-0.95687294
49,azd4547,0.01,0.9556359428728857,3.0392694,-1.0185047
50,azd4547,0.03,0.9338872116349703,2.7445686,-1.019656
51,azd4547,0.1,0.8927518102966221,2.8114085,-1.0433074
52,azd4547,0.3,0.8141312199864567,2.7070322,-1.0846057
53,azd4547,1.0,0.5641782811820027,2.7723906,-1.1729802
54,azd4547,3.0,-0.15157089180053349,2.7831066,-1.1379218
55,azd4547,30.0,-0.848616029050717,2.7644424,-1.2045704
56,azd5438,0.003,0.9741601388204323,5.804732,2.5719626
57,azd5438,0.01,0.923557206010661,5.617872,2.6022449
58,azd5438,0.03,0.803983380583999,5.8099737,2.4769447
59,azd5438,0.1,0.5218640916415457,6.4953947,2.864843
60,azd5438,0.3,0.15299970595126774,6.6503377,3.0358665
61,azd5438,1.0,-0.15243543430855055,6.8325505,2.9909732
62,azd5438,3.0,-0.27658835668548104,6.779929,2.9996886
63,azd5438,30.0,-0.34224805354577564,6.3682055,2.804283
64,azd7762,0.003,0.8951979049843882,4.888137,2.222483
65,azd7762,0.01,0.7986038049427947,4.499559,2.2483203
66,azd7762,0.03,0.6595272321160706,4.5253396,2.211751
67,azd7762,0.1,0.4060769804272065,4.3299046,2.0117414
68,azd7762,0.3,-0.11155006884283895,3.708753,1.7249054
69,azd7762,1.0,-0.4610591046349487,3.5681777,1.633526
70,azd7762,3.0,-0.6090846855340624,3.6471443,1.5247141
71,azd7762,30.0,-0.7135633073915711,3.5128155,1.4627221
72,barasertib,0.003,0.9098637719982295,7.0731096,0.18198767
73,barasertib,0.01,0.8589948129645123,4.892527,3.1885848
74,barasertib,0.03,0.7405868081531344,4.844576,3.2133462
75,barasertib,0.1,0.6501485590785822,4.694243,3.3018374
76,barasertib,0.3,0.5568585593438503,4.4745665,3.376567
77,barasertib,1.0,0.4147768371065742,4.444011,3.3485768
78,barasertib,3.0,0.16840858837436976,7.589318,-0.0786554
79,barasertib,30.0,-0.36416148825164424,7.7203236,-0.24615951
80,bi2536,0.003,0.4045645215740431,5.971275,1.2586418
81,bi2536,0.01,0.1107335348322662,5.831672,1.2712177
82,bi2536,0.03,-0.06866821637557949,6.230871,1.5257356
83,bi2536,0.1,-0.2143570417648937,5.9794645,1.1335665
84,bi2536,0.3,-0.3223776741187315,6.1867166,1.400444
85,bi2536,1.0,-0.4321198656952426,6.1886683,1.4312408
86,bi2536,3.0,-0.534976121191036,6.0983744,1.3141938
87,bi2536,30.0,-0.648718284996417,6.160647,1.4242496
88,bms754807,0.003,0.930733410674292,4.880094,2.0117898
89,bms754807,0.01,0.8862462194777043,4.8220863,1.8504891
90,bms754807,0.03,0.825279719420241,4.6018395,1.9310472
91,bms754807,0.1,0.7275260650384991,3.1004546,2.708231
92,bms754807,0.3,0.5770255202951503,3.205254,2.8552248
93,bms754807,1.0,0.1951273043719052,3.1590586,2.841273
94,bms754807,3.0,-0.15420042730070982,3.1417727,2.8493564
95,bms754807,30.0,-0.4303505187074576,3.280523,3.06237
96,bosutinib,0.003,0.991475654450085,5.206461,1.8263732
97,bosutinib,0.01,0.9816669379159718,5.2459493,1.8190701
98,bosutinib,0.03,0.9615325023530176,5.197098,1.8842374
99,bosutinib,0.1,0.9087161467348641,4.773751,-1.1191658
100,bosutinib,0.3,0.7859397117733631,4.8872976,-1.2431529
101,bosutinib,1.0,0.3904468940211805,4.728685,-1.3362246
102,bosutinib,3.0,-0.33452526514498265,4.699641,-1.3430451
103,bosutinib,30.0,-0.620357849853612,4.79474,-1.327385
104,brivanib,0.003,0.9921300159417729,6.089765,0.92498446
105,brivanib,0.01,0.9870199882905315,5.5341268,1.1455992
106,brivanib,0.03,0.9783138018405858,5.2344832,0.76397014
107,brivanib,0.1,0.9580503237478865,5.0813518,1.5450351
108,brivanib,0.3,0.9129721481829698,4.96071,1.4777589
109,brivanib,1.0,0.7633405240597517,4.9780073,0.95437974
110,brivanib,3.0,0.3434449998498928,5.0692215,0.816574
111,brivanib,30.0,-0.43739428743477415,4.996149,0.87516034
112,byl719,0.003,0.9178393193424184,6.4764247,0.07222931
113,byl719,0.01,0.874842932941952,6.5189266,-0.08700095
114,byl719,0.03,0.8139218879248901,6.6405735,-0.13809618
115,byl719,0.1,0.7082304897728696,6.505043,-0.118322946
116,byl719,0.3,0.5540559630429309,6.4921002,-0.10384753
117,byl719,1.0,0.29694305503860485,6.4632363,0.054205015
118,byl719,3.0,-0.03020064124141229,6.337897,0.13385971
119,byl719,30.0,-0.5885852512553043,6.3611145,0.15355319
120,cabozantinib,0.003,0.9834899149343987,7.417564,-1.2072867
121,cabozantinib,0.01,0.9695841582039165,7.429627,-1.2172704
122,cabozantinib,0.03,0.946281680437667,7.381328,-1.1746355
123,cabozantinib,0.1,0.8968931278945109,7.3727984,-1.170791
124,cabozantinib,0.3,0.8050087956925815,1.9149644,1.3032328
125,cabozantinib,1.0,0.5643972054420089,2.4739451,0.427252
126,cabozantinib,3.0,-0.0711743003926783,2.6251624,0.0657074
127,cabozantinib,30.0,-0.47773940587055164,2.6349075,-0.061472327
128,canertinib,0.003,0.9300119812560805,6.426988,-0.33485562
129,canertinib,0.01,0.8918396281276538,6.1532154,-0.56630445
130,canertinib,0.03,0.8479883253599366,6.1254044,-0.5314728
131,canertinib,0.1,0.7842383300093706,6.3031797,-0.4195918
132,canertinib,0.3,0.6924177507248084,6.1481476,-0.50278395
133,canertinib,1.0,0.4450697474431107,5.821109,-2.9676661
134,canertinib,3.0,-0.22942154452622798,5.744423,-2.9400291
135,canertinib,30.0,-0.4220105813564646,5.569879,-2.7816072
136,cediranib,0.003,0.9763233960388463,5.662336,0.4987355
137,cediranib,0.01,0.9643798880818868,4.2125416,-0.41082734
138,cediranib,0.03,0.9461055469856164,4.0830426,-0.2138799
139,cediranib,0.1,0.9087000675077074,3.18618,-0.61546856
140,cediranib,0.3,0.8357781675875621,3.1121552,-0.6299927
141,cediranib,1.0,0.5662394230635791,3.0247047,-0.5229042
142,cediranib,3.0,-0.5213508646708879,2.7572267,-0.22838864
143,cediranib,30.0,-0.7901274424826751,2.7353802,-0.5721676
144,cp724714,0.003,0.769787438755199,6.136092,-0.17124324
145,cp724714,0.01,0.6794623064245936,5.9431467,-0.08607889
146,cp724714,0.03,0.5772455046379934,5.493925,0.45608968
147,cp724714,0.1,0.4429127678342843,5.6937637,-0.53543764
148,cp724714,0.3,0.3009099891591487,5.7813096,-0.6944863
149,cp724714,1.0,0.12915234853979918,5.7556376,-0.8592364
150,cp724714,3.0,-0.031894858428257594,5.832083,-2.969927
151,cp724714,30.0,-0.32255445838761543,5.83652,-2.979776
152,crizotinib,0.003,0.989943383308716,5.339796,1.6624799
153,crizotinib,0.01,0.9814950423639172,2.5260203,2.4471178
154,crizotinib,0.03,0.9606254099672964,2.5609093,2.4290688
155,crizotinib,0.1,0.9077915954871255,2.5582879,2.4327366
156,crizotinib,0.3,0.7878554968400419,2.5717568,2.4223862
157,crizotinib,1.0,0.3901788507350751,2.5644903,2.341278
158,crizotinib,3.0,-0.11642931950948734,2.5838792,2.2745805
159,crizotinib,30.0,-0.3773033300074594,2.655653,2.0702593
160,dabrafenib,0.003,0.9757085627452785,4.4572206,0.5720335
161,dabrafenib,0.01,0.9614615967573678,4.410729,0.57349133
162,dabrafenib,0.03,0.9390428800061321,4.448214,0.6491836
163,dabrafenib,0.1,0.8941529800723285,4.042863,0.5189848
164,dabrafenib,0.3,0.8151994936773892,4.088685,0.4775402
165,dabrafenib,1.0,0.6306711347523494,3.9357781,0.4552184
166,dabrafenib,3.0,0.2667058735410867,3.9051833,0.57337755
167,dabrafenib,30.0,-0.40846050806799267,3.9728234,0.5043038
168,dasatinib,0.003,0.7323099854668511,4.3617597,-0.45390806
169,dasatinib,0.01,0.634178844075521,4.440245,-0.82854724
170,dasatinib,0.03,0.5202772498028911,4.2436595,-1.0886143
171,dasatinib,0.1,0.3699892100842128,4.0487137,-1.3077759
172,dasatinib,0.3,0.20761707793539233,3.9969003,-1.3215173
173,dasatinib,1.0,-0.02058799941838392,3.9611437,-1.2676045
174,dasatinib,3.0,-0.33509228854296536,3.9421644,-1.2330986
175,dasatinib,30.0,-0.6983359902438889,3.9392412,-1.2283809
176,dinaciclib,0.003,0.6760724830764041,7.0597124,1.3560468
177,dinaciclib,0.01,0.1704679784152506,7.1029406,1.3652748
178,dinaciclib,0.03,-0.44496716718316126,7.133873,1.4665838
179,dinaciclib,0.1,-0.4987578985388236,7.0868,1.4626279
180,dinaciclib,0.3,-0.504880043724227,7.327478,1.5245167
181,dinaciclib,1.0,-0.506591999465085,7.332133,1.48572
182,dinaciclib,3.0,-0.5070061705432894,7.4128165,1.5463946
183,dinaciclib,30.0,-0.5071680375303262,7.391602,1.536931
184,dovitinib,0.003,0.9267315488074931,5.0090113,1.1280067
185,dovitinib,0.01,0.8931110669876671,-0.08006904,1.1805048
186,dovitinib,0.03,0.8344928506014505,-0.071742155,1.1707442
187,dovitinib,0.1,0.700655651529785,-0.07742978,1.1575425
188,dovitinib,0.3,0.514313444586178,-0.060687214,1.1857262
189,dovitinib,1.0,0.316866357634161,-0.04414134,1.1656283
190,dovitinib,3.0,0.1889151131457841,-0.059139483,1.192022
191,dovitinib,30.0,0.061286828080508136,-0.02635162,1.2054261
192,enzastaurin,0.003,0.9998869673786679,6.4543414,2.7017763
193,enzastaurin,0.01,0.9994534666653181,6.436332,2.7644978
194,enzastaurin,0.03,0.9977010298280287,6.505861,2.7165198
195,enzastaurin,0.1,0.9889783967886271,6.8144817,2.798015
196,enzastaurin,0.3,0.955172855886118,6.9273763,2.9028592
197,enzastaurin,1.0,0.8142177840569083,6.9099503,2.896567
198,enzastaurin,3.0,0.35142651950316867,6.855191,2.9272306
199,enzastaurin,30.0,-0.2623579557503187,6.8894796,2.960231
200,erlotinib,0.003,0.9602928517128243,4.3360195,-2.462524
201,erlotinib,0.01,0.9381157443084001,4.3339167,-2.4513564
202,erlotinib,0.03,0.9057390893913857,4.3920016,-2.4223022
203,erlotinib,0.1,0.8464512770576366,4.3135376,-2.431089
204,erlotinib,0.3,0.7621430704398334,4.625506,-2.208374
205,erlotinib,1.0,0.6368181986878411,4.624941,-2.1888556
206,erlotinib,3.0,0.4437804181085147,4.917186,-1.4840213
207,erlotinib,30.0,0.19950226431523682,4.7318587,-2.0099041
208,foretinib,0.003,0.9646028361265115,5.404073,0.8869449
209,foretinib,0.01,0.936261669076319,2.8928561,0.5788374
210,foretinib,0.03,0.8888584546084418,2.9796224,0.5112658
211,foretinib,0.1,0.7889312208056689,3.3448417,-0.41444144
212,foretinib,0.3,0.57217915310983,2.592739,0.3400563
213,foretinib,1.0,0.0928264424148794,2.4433296,0.098081164
214,foretinib,3.0,-0.5476885003610733,2.482821,0.07056976
215,foretinib,30.0,-0.7182046595834491,2.507319,0.06463072
216,gefitinib,0.003,0.9832033246760512,6.4185658,-0.0657558
217,gefitinib,0.01,0.9693067827487519,6.3109612,-0.104070924
218,gefitinib,0.03,0.9465340200866325,5.2025833,-0.02532772
219,gefitinib,0.1,0.8979796084325791,6.085739,0.060706656
220,gefitinib,0.3,0.8014278022349716,5.867849,0.094869174
221,gefitinib,1.0,0.5512859773258226,5.3192616,-0.84438205
222,gefitinib,3.0,-0.13397595256385172,5.1184325,-1.0475699
223,gefitinib,30.0,-0.7030079760636734,3.5183413,-0.4220885
224,gsk1059615,0.003,0.9391631271308792,5.640273,1.4160811
225,gsk1059615,0.01,0.8989720315569221,6.975368,0.5196124
226,gsk1059615,0.03,0.8287345524985582,7.3920345,0.3041116
227,gsk1059615,0.1,0.6813019456372958,7.515827,0.3213473
228,gsk1059615,0.3,0.4311144658132356,7.625647,0.30099094
229,gsk1059615,1.0,0.009446868585010261,7.630205,0.24573109
230,gsk1059615,3.0,-0.2939349254799673,7.6251593,0.15349078
231,gsk1059615,30.0,-0.4592749542746103,7.7755194,0.27159712
232,gsk1070916,0.003,0.9635779312898136,4.829539,0.16739278
233,gsk1070916,0.01,0.9056386009039077,4.5094166,0.077941835
234,gsk1070916,0.03,0.8101134682658258,4.5989537,0.11262326
235,gsk1070916,0.1,0.6934190584445937,4.528868,0.13319337
236,gsk1070916,0.3,0.5222938237845878,3.5211284,3.1922686
237,gsk1070916,1.0,0.18468521405159388,3.596547,3.2071216
238,gsk1070916,3.0,-0.39410334322979784,3.4961238,3.3493824
239,gsk1070916,30.0,-0.8193770451658032,3.485698,3.3978608
240,gsk461364,0.003,0.7338008778948953,5.8195148,0.62740743
241,gsk461364,0.01,0.43510868602038544,5.8918347,0.921008
242,gsk461364,0.03,0.11387115932876075,5.671176,0.41448122
243,gsk461364,0.1,-0.03924520728585495,5.542715,-0.039835714
244,gsk461364,0.3,-0.11897317406725381,5.5295787,-0.24006166
245,gsk461364,1.0,-0.2180583040681341,5.375822,-0.25350422
246,gsk461364,3.0,-0.4071466186786184,5.3671265,-0.4913254
247,gsk461364,30.0,-0.5345987761141149,5.811263,-1.3752238
248,gsk690693,0.003,0.9328830159225987,6.0017433,3.2923717
249,gsk690693,0.01,0.8900131514969796,6.0294733,3.22072
250,gsk690693,0.03,0.8337238677982814,5.9921675,3.2738779
251,gsk690693,0.1,0.7522187532445446,6.023037,3.330347
252,gsk690693,0.3,0.6637720139299703,6.0433283,3.2770514
253,gsk690693,1.0,0.5619258747397846,6.158874,3.1580625
254,gsk690693,3.0,0.47616531343351637,6.2686934,2.5302615
255,gsk690693,30.0,0.3498801726695935,6.3282356,2.2710013
256,ibrutinib,0.003,0.9352513558322171,5.933282,0.184202
257,ibrutinib,0.01,0.9024401162224448,5.604547,0.024265876
258,ibrutinib,0.03,0.8623665227023295,5.338885,-0.120816976
259,ibrutinib,0.1,0.8058917384694625,5.2408676,-0.38883364
260,ibrutinib,0.3,0.7201198197483097,3.6327724,-0.72346115
261,ibrutinib,1.0,0.5430327223694786,3.678678,-0.9107691
262,ibrutinib,3.0,0.036122888934505604,3.6601622,-0.90443754
263,ibrutinib,30.0,-0.7808009208344445,3.6949103,-0.912095
264,imatinib,0.003,0.9965136007364878,4.952234,3.1035805
265,imatinib,0.01,0.9930022956082132,5.629943,0.8812311
266,imatinib,0.03,0.9870330576248065,4.833592,0.462993
267,imatinib,0.1,0.9749451092583888,4.4101677,-0.1683087
268,imatinib,0.3,0.9514421044529399,3.8604228,-0.30491108
269,imatinib,1.0,0.8583737434864626,3.2295897,-0.05003807
270,imatinib,3.0,0.2103038500071143,2.757755,-0.078576975
271,imatinib,30.0,-0.8642230463098046,2.702475,-0.031095257
272,kw2449,0.003,0.9904471125068595,5.304435,2.7475457
273,kw2449,0.01,0.980487766893916,5.341152,2.8027399
274,kw2449,0.03,0.9619158671124215,5.383762,2.8501046
275,kw2449,0.1,0.9176990642389453,5.4479766,2.9391656
276,kw2449,0.3,0.8156527718332129,5.3502846,2.8232985
277,kw2449,1.0,0.5210585721515515,5.2838287,2.8467958
278,kw2449,3.0,-0.11153621637408458,3.0346732,1.7823542
279,kw2449,30.0,-0.757531317160835,3.1957796,1.695542
280,lapatinib,0.003,0.9872662930231408,6.0136404,0.024184855
281,lapatinib,0.01,0.9775589143012935,5.984919,-0.10450674
282,lapatinib,0.03,0.9600938681568303,5.7410116,0.5562322
283,lapatinib,0.1,0.9186533396633005,5.657502,-0.6531759
284,lapatinib,0.3,0.8364737917597167,5.7397523,-0.87098116
285,lapatinib,1.0,0.6563188253840336,5.8248568,-2.9906187
286,lapatinib,3.0,0.2105323037903311,5.8362784,-2.980685
287,lapatinib,30.0,-0.11401538439549178,5.770703,-1.0003535
288,lenvatinib,0.003,0.9551230906602799,6.350804,-0.9362111
289,lenvatinib,0.01,0.9315758828246453,6.237237,-0.7905752
290,lenvatinib,0.03,0.9031949441309668,6.2355843,-0.80221295
291,lenvatinib,0.1,0.855924771219063,6.1014886,-0.8249058
292,lenvatinib,0.3,0.7810110863041547,2.843213,-0.33759376
293,lenvatinib,1.0,0.6191449919211984,2.8388534,-0.40441164
294,lenvatinib,3.0,0.26537653850516163,3.097915,-0.33443367
295,lenvatinib,30.0,-0.37328788757014547,3.0441098,-0.445874
296,lestaurtinib,0.003,0.9383390060932428,5.232619,2.142749
297,lestaurtinib,0.01,0.8764325627355429,5.2273283,2.190618
298,lestaurtinib,0.03,0.7678900639328756,5.179539,2.1508732
299,lestaurtinib,0.1,0.5595295053562029,4.7977448,2.1095567
300,lestaurtinib,0.3,0.27382406294978967,3.6981387,2.7328212
301,lestaurtinib,1.0,-0.16463869903137704,3.7084067,2.6095912
302,lestaurtinib,3.0,-0.6019531172403877,3.6992712,2.4752786
303,lestaurtinib,30.0,-0.8667289484926983,3.6647055,2.4182677
304,linifanib,0.003,0.9895674663811924,5.7777157,0.765462
305,linifanib,0.01,0.9843038429229789,5.3799343,0.9586039
306,linifanib,0.03,0.9757038544433644,5.205781,0.7967483
307,linifanib,0.1,0.9551963080991739,5.147353,0.9736074
308,linifanib,0.3,0.9055638837654862,5.084626,1.0979145
309,linifanib,1.0,0.6947681804178168,1.970219,1.4358852
310,linifanib,3.0,-0.2456049889273826,1.9652214,1.283573
311,linifanib,30.0,-0.6652955231169133,1.9817883,1.2004772
312,linsitinib,0.003,0.9905079389552107,5.8881803,0.6881379
313,linsitinib,0.01,0.981290159167859,6.071344,0.85803276
314,linsitinib,0.03,0.964279788360916,4.0974765,1.2395275
315,linsitinib,0.1,0.9261700312990012,4.0197935,1.2457708
316,linsitinib,0.3,0.8543614752319255,4.0521784,1.2810285
317,linsitinib,1.0,0.6821260443477624,4.00208,1.3510194
318,linsitinib,3.0,0.20927008355665616,3.7397966,1.5097208
319,linsitinib,30.0,-0.44138022285092127,3.6973095,1.588314
320,masitinib,0.003,0.9966720869950199,7.2493787,-1.0436802
321,masitinib,0.01,0.9940317689402867,7.2506175,-1.0513691
322,masitinib,0.03,0.9897361603507908,7.2440968,-1.0438159
323,masitinib,0.1,0.9793056717087218,7.2807627,-1.0747793
324,masitinib,0.3,0.9483271263018196,7.209401,-0.9917862
325,masitinib,1.0,0.787898998742317,4.603771,-0.040516354
326,masitinib,3.0,0.010640300881916356,4.38661,-0.3312648
327,masitinib,30.0,-0.8497860536195202,2.815611,-0.22767459
328,mgcd265,0.003,0.9902287645601311,5.415463,1.4680362
329,mgcd265,0.01,0.9813066389847763,5.391539,1.3941823
330,mgcd265,0.03,0.9638305092620776,4.9177985,1.486282
331,mgcd265,0.1,0.9298681968543298,5.372168,1.4237998
332,mgcd265,0.3,0.8703874533918389,2.7716162,2.3565986
333,mgcd265,1.0,0.6893264765139098,2.4392157,1.7976915
334,mgcd265,3.0,0.1890717061519577,2.415662,1.6833678
335,mgcd265,30.0,-0.3443818571510469,2.5675821,0.40900448
336,mk1775,0.003,0.980508616984057,5.1393414,2.623888
337,mk1775,0.01,0.9574489095141652,5.5419755,0.38085693
338,mk1775,0.03,0.9071620369364147,5.8346415,-1.3472271
339,mk1775,0.1,0.754141569216384,5.902994,-1.4762679
340,mk1775,0.3,0.4584165141792042,5.8771544,-1.4109888
341,mk1775,1.0,-0.020887316922835658,5.9332805,-1.4657928
342,mk1775,3.0,-0.25347539769154415,5.952821,-1.4860498
343,mk1775,30.0,-0.3349569744718066,5.9769864,-1.5134073
344,mk2206,0.003,0.958917212806584,6.067065,0.5960714
345,mk2206,0.01,0.9299162765362964,6.165921,0.71712124
346,mk2206,0.03,0.8854762917239594,6.3598504,0.68731755
347,mk2206,0.1,0.8036996718086883,6.4253254,0.7329058
348,mk2206,0.3,0.6761029435469849,6.293631,0.6793025
349,mk2206,1.0,0.4209785918278072,6.5825663,0.79042166
350,mk2206,3.0,-0.2233769805353632,6.4913154,0.7329932
351,mk2206,30.0,-0.8636910815593523,6.5470066,0.717785
352,mln2480,0.003,0.9763372343471145,4.740701,0.32229513
353,mln2480,0.01,0.9638362752464611,4.8294926,0.3693975
354,mln2480,0.03,0.9436910141048742,4.9591527,0.350057
355,mln2480,0.1,0.9027653935018859,4.6229663,0.24025138
356,mln2480,0.3,0.8306866515646316,4.0185513,0.2998059
357,mln2480,1.0,0.6618540377870975,3.948316,0.2976406
358,mln2480,3.0,0.25317466578656433,3.9337165,0.29901195
359,mln2480,30.0,-0.5388493114694144,3.8514025,0.15204123
360,momelotinib,0.003,0.9962451780026714,6.75859,0.20637847
361,momelotinib,0.01,0.991695718363242,6.702455,0.27166542
362,momelotinib,0.03,0.9825363071510798,6.794954,0.179294
363,momelotinib,0.1,0.9585574636421552,5.2036796,2.530785
364,momelotinib,0.3,0.8999840289255016,4.468776,1.5977004
365,momelotinib,1.0,0.6694939281164244,4.1811604,1.5734068
366,momelotinib,3.0,-0.15689953278230198,4.009382,1.586383
367,momelotinib,30.0,-0.4630475263338984,3.9837575,1.6315982
368,neratinib,0.003,0.93500897208265,5.3040066,-0.58227944
369,neratinib,0.01,0.8961697275047577,5.351902,-0.7190738
370,neratinib,0.03,0.8403684084350559,5.6125727,-0.8072694
371,neratinib,0.1,0.7334913117427347,5.63681,-2.361005
372,neratinib,0.3,0.5630465848531174,5.3601613,-0.82921493
373,neratinib,1.0,0.17596522390236374,5.836293,-2.92376
374,neratinib,3.0,-0.2173488699219275,5.75983,-2.4661849
375,neratinib,30.0,-0.4504976672250151,5.724086,-2.5211074
376,nilotinib,0.003,0.9881842605820922,4.9065747,-0.33202186
377,nilotinib,0.01,0.9663227113668781,4.879988,-0.3749245
378,nilotinib,0.03,0.955054529099396,4.8405933,-0.39625368
379,nilotinib,0.1,0.9375809040931512,4.841443,-0.42013982
380,nilotinib,0.3,0.8881433487743275,4.7316766,-0.4112632
381,nilotinib,1.0,0.7588017831001428,4.7339134,-0.42720276
382,nilotinib,3.0,0.07799555339721032,4.6098247,-0.5031882
383,nilotinib,30.0,-0.3106904127367345,4.646551,-0.47519052
384,nintedanib,0.003,0.9932330016182066,3.8020658,0.861365
385,nintedanib,0.01,0.9798722740058435,3.6718462,0.7878987
386,nintedanib,0.03,0.9564476385086874,3.609714,0.68115693
387,nintedanib,0.1,0.9192839543369826,3.2784815,0.33336243
388,nintedanib,0.3,0.8475529077231071,2.9831176,0.45941854
389,nintedanib,1.0,0.6413992383493218,2.968786,0.45232058
390,nintedanib,3.0,0.05984455563233542,3.0487125,0.50162137
391,nintedanib,30.0,-0.34937100212108313,3.066233,0.393824
392,omipalisib,0.003,0.508572188756729,5.682813,1.198328
393,omipalisib,0.01,0.22189691025579664,5.583153,1.8968028
394,omipalisib,0.03,-0.04464446494363495,5.594948,2.3649755
395,omipalisib,0.1,-0.2738910571897671,5.535583,2.3233573
396,omipalisib,0.3,-0.4079404137293172,2.9815524,1.448735
397,omipalisib,1.0,-0.48957730285491635,2.8762538,1.3945125
398,omipalisib,3.0,-0.5282799869648296,2.9728756,1.4623566
399,omipalisib,30.0,-0.560305716637513,2.8484354,1.3079363
400,osi027,0.003,0.9635340492538563,4.176014,-0.68722016
401,osi027,0.01,0.9392416902023958,4.085899,-0.6879671
402,osi027,0.03,0.8985003489766863,4.187231,-0.6836009
403,osi027,0.1,0.8116802794604852,4.1186814,-0.69330174
404,osi027,0.3,0.6619551656421518,4.099106,-0.7182059
405,osi027,1.0,0.3731460515462115,3.8779323,-0.6370212
406,osi027,3.0,0.02399260125422943,3.7051883,-0.48066336
407,osi027,30.0,-0.2539285610025071,3.664141,-0.50530905
408,osi930,0.003,0.9915244262314037,5.8227644,0.8333774
409,osi930,0.01,0.9840417244244062,3.6041248,-0.21860299
410,osi930,0.03,0.9705038557807953,5.297511,0.44416934
411,osi930,0.1,0.9378321653285261,4.081511,0.10133436
412,osi930,0.3,0.8653397891074498,3.759789,0.024306618
413,osi930,1.0,0.6437772096260272,3.61889,-0.23511101
414,osi930,3.0,0.11275210995832667,3.5278702,-0.37455028
415,osi930,30.0,-0.408658455973497,3.4407804,-0.29450366
416,palbociclib,0.003,0.9795784098388461,6.3743725,1.0212482
417,palbociclib,0.01,0.9613867350848199,6.3836875,1.0124258
418,palbociclib,0.03,0.9280765990408975,6.9599085,0.97302437
419,palbociclib,0.1,0.8581763043732308,6.822623,0.94477296
420,palbociclib,0.3,0.7456335999168219,6.8390656,1.1467718
421,palbociclib,1.0,0.5409341328483864,6.977885,0.88200855
422,palbociclib,3.0,0.42050685683101463,7.086457,0.936427
423,palbociclib,30.0,0.31476741490662097,7.0339775,0.97352576
424,pazopanib,0.003,0.9863861945888621,5.1141686,1.0611702
425,pazopanib,0.01,0.9750940530025982,3.3026655,0.97556037
426,pazopanib,0.03,0.9556675618568216,3.4467916,-0.24141307
427,pazopanib,0.1,0.9143146608108371,3.2474258,1.0358117
428,pazopanib,0.3,0.8378654332969456,3.3068483,0.61862934
429,pazopanib,1.0,0.635169868918509,3.1866233,1.0519127
430,pazopanib,3.0,0.1627691789635086,3.2039149,0.06153734
431,pazopanib,30.0,-0.32046226545188716,3.0204897,0.5815751
432,pelitinib,0.003,0.9853029022452097,5.768197,0.12834553
433,pelitinib,0.01,0.9508106580689786,5.566429,-0.49188867
434,pelitinib,0.03,0.8699679771053587,5.6094613,-0.60008913
435,pelitinib,0.1,0.7142801830386527,5.4622564,-0.92498344
436,pelitinib,0.3,0.5172082964381596,5.2950864,-1.1029742
437,pelitinib,1.0,0.16347721967973514,5.223936,-1.204452
438,pelitinib,3.0,-0.204681948479806,5.1056933,-1.1445993
439,pelitinib,30.0,-0.49902049431111933,5.133141,-1.0761772
440,pf3758309,0.003,0.60400394169164,6.0278983,1.8503513
441,pf3758309,0.01,0.46653820322592443,6.1439786,1.9675534
442,pf3758309,0.03,0.3241216610429087,6.1204767,1.9990587
443,pf3758309,0.1,0.1474449255942991,6.119558,2.0294034
444,pf3758309,0.3,-0.037099280018885905,6.0537534,2.1289196
445,pf3758309,1.0,-0.2906405434429557,6.0197167,2.1892061
446,pf3758309,3.0,-0.5665016796302256,6.090054,2.199488
447,pf3758309,30.0,-0.7787862534121588,6.174911,2.1471698
448,pf477736,0.003,0.929109477298369,4.40815,2.6021008
449,pf477736,0.01,0.8943281421262184,4.3265314,2.556339
450,pf477736,0.03,0.8385298795445237,4.15873,2.7586296
451,pf477736,0.1,0.6917570032683725,3.9042714,3.0678592
452,pf477736,0.3,0.46289583733620693,3.9321408,3.0692232
453,pf477736,1.0,0.18692212391877672,4.0793014,2.9235916
454,pf477736,3.0,-0.13108659931107294,3.9054897,3.0221114
455,pf477736,30.0,-0.43859578835892554,4.20807,2.8241477
456,pf562271,0.003,0.961699176356008,6.57853,1.3009211
457,pf562271,0.01,0.9155307471761708,5.634515,1.9006605
458,pf562271,0.03,0.8299992650440359,5.6624002,1.9858797
459,pf562271,0.1,0.6490782777234332,5.705969,1.8069549
460,pf562271,0.3,0.36225387830062444,6.538369,1.5703759
461,pf562271,1.0,-0.04248545598970385,6.237936,1.5863492
462,pf562271,3.0,-0.34766671489813517,6.5590296,1.6375415
463,pf562271,30.0,-0.670811560307402,6.6258397,1.6581585
464,pha793887,0.003,0.9541995977799349,6.707636,1.8799205
465,pha793887,0.01,0.9266727978517839,6.7555647,1.9856387
466,pha793887,0.03,0.8838424232968105,6.653042,2.1003375
467,pha793887,0.1,0.800855098421215,6.763624,2.505842
468,pha793887,0.3,0.6669206558338159,6.7976213,2.7507205
469,pha793887,1.0,0.39444039302590866,6.8299685,2.8587189
470,pha793887,3.0,-0.1662025150110593,6.8595266,2.8270564
471,pha793887,30.0,-0.41835949433150393,6.9606133,2.8182302
472,pictilisib,0.003,0.78979546084759,4.976719,3.0513175
473,pictilisib,0.01,0.6881025027659545,4.9864016,3.0340118
474,pictilisib,0.03,0.5719505535798229,4.9512434,3.0818565
475,pictilisib,0.1,0.4286906266463821,4.9105535,3.0748215
476,pictilisib,0.3,0.2930292339717981,4.9345584,3.0495927
477,pictilisib,1.0,0.15072507163503898,5.7440596,1.1980081
478,pictilisib,3.0,0.03749731329770593,6.7880144,0.5232553
479,pictilisib,30.0,-0.1293535895110989,7.1991777,0.08723719
480,quizartinib,0.003,0.9807106022953732,5.6557207,0.82235754
481,quizartinib,0.01,0.9689862631309245,5.624481,0.7218222
482,quizartinib,0.03,0.9511527617296931,5.663334,0.79615456
483,quizartinib,0.1,0.9166196249746701,5.6817336,0.75735366
484,quizartinib,0.3,0.8421771738249569,2.0045514,1.3404213
485,quizartinib,1.0,0.6647159019399469,1.9976449,1.2884283
486,quizartinib,3.0,0.2709072266989877,2.0114186,1.2466015
487,quizartinib,30.0,-0.16815736227389472,2.2122014,1.0285963
488,r406,0.003,0.9896088583178431,5.552064,2.4394672
489,r406,0.01,0.9766922258941216,3.211677,1.316358
490,r406,0.03,0.9503934495628582,3.172799,1.1785139
491,r406,0.1,0.8853312149925578,3.0159223,1.194537
492,r406,0.3,0.7565229713797273,3.0380862,1.0208178
493,r406,1.0,0.46179170921870255,2.9771066,1.0110992
494,r406,3.0,-0.2319799043215026,2.8907118,1.0388548
495,r406,30.0,-0.8478654746020563,2.9353833,1.0327458
496,raf265,0.003,0.9638298945145313,7.3038816,1.114943
497,raf265,0.01,0.9354371712855215,7.2710586,1.1795003
498,raf265,0.03,0.8887961084561098,7.224313,1.0931796
499,raf265,0.1,0.7888236780934597,7.3217826,1.1533626
500,raf265,0.3,0.6024715168137139,6.033482,0.77043486
501,raf265,1.0,0.29123865853930736,5.491401,1.0763099
502,raf265,3.0,-0.1259665084550641,5.3382955,1.0256222
503,raf265,30.0,-0.4124253413559623,5.2839427,1.1349393
504,regorafenib,0.003,0.9853692547326328,6.7627797,-1.3251883
505,regorafenib,0.01,0.9767197543536462,6.732497,-1.2967248
506,regorafenib,0.03,0.9610512273026133,6.7312193,-1.2939688
507,regorafenib,0.1,0.9227639876593516,6.7100463,-1.2638288
508,regorafenib,0.3,0.8439719568250107,6.7033362,-1.265773
509,regorafenib,1.0,0.5909648295693543,3.2037363,-0.16976134
510,regorafenib,3.0,-0.03241237929365788,2.9914358,-0.17443734
511,regorafenib,30.0,-0.438095931470878,2.987027,-0.029011909
512,rigosertib,0.003,0.9362507545779211,6.2814293,0.43704617
513,rigosertib,0.01,0.8243615433979962,6.4033775,0.40106633
514,rigosertib,0.03,0.5782024078005542,6.3670573,0.39608386
515,rigosertib,0.1,0.27748047022273004,8.584544,-0.45891178
516,rigosertib,0.3,-0.004506800320471897,8.603155,-0.48494956
517,rigosertib,1.0,-0.1179557146109125,8.615018,-0.4451345
518,rigosertib,3.0,-0.15983839681164702,8.615376,-0.46642572
519,rigosertib,30.0,-0.19173754564908732,8.579855,-0.45604342
520,ruxolitinib,0.003,0.9992659368801807,5.330509,0.985332
521,ruxolitinib,0.01,0.9982145035414293,4.606726,1.194308
522,ruxolitinib,0.03,0.9958152239982242,4.719268,1.1197563
523,ruxolitinib,0.1,0.9886982432840798,4.7248745,1.0412948
524,ruxolitinib,0.3,0.9697766537175804,4.694883,1.082052
525,ruxolitinib,1.0,0.8946225268632817,4.6614904,1.0937364
526,ruxolitinib,3.0,0.35156421206122473,4.6531034,1.1331753
527,ruxolitinib,30.0,-0.911967434723484,4.590928,1.1808337
528,saracatinib,0.003,0.9734779544692822,5.283909,0.031014564
529,saracatinib,0.01,0.9512362022877369,4.064581,-1.7636602
530,saracatinib,0.03,0.9137277618274071,4.1344466,-1.7375097
531,saracatinib,0.1,0.837313784954778,4.035296,-1.7711377
532,saracatinib,0.3,0.7055511322578822,4.029604,-1.8374317
533,saracatinib,1.0,0.45442609456876526,3.9806902,-1.7663802
534,saracatinib,3.0,0.01195976218965573,3.9159772,-1.6654304
535,saracatinib,30.0,-0.735263685318217,3.9220662,-1.5747029
536,seliciclib,0.003,0.9992736609786973,5.8618107,1.3086696
537,seliciclib,0.01,0.9971454803396472,5.899872,1.2213053
538,seliciclib,0.03,0.9899068201552703,6.1055126,1.6185036
539,seliciclib,0.1,0.9591047643275225,5.941614,1.1890388
540,seliciclib,0.3,0.8538534374464256,6.0475473,1.7620434
541,seliciclib,1.0,0.46521836455212523,6.4898,1.5972515
542,seliciclib,3.0,-0.2332835541442125,6.4414463,1.6225154
543,seliciclib,30.0,-0.9358687296547398,6.5073285,1.5974044
544,selumetinib,0.003,0.8832599992093032,6.00898,1.0658759
545,selumetinib,0.01,0.8329137808288474,6.0625534,0.83852625
546,selumetinib,0.03,0.7688261400465173,8.07819,0.7816528
547,selumetinib,0.1,0.6731761546620187,8.248283,0.8531447
548,selumetinib,0.3,0.5563666374000344,8.372644,0.7869347
549,selumetinib,1.0,0.3829555878709797,8.442729,0.7041377
550,selumetinib,3.0,0.14020076877232238,8.440828,0.7052624
551,selumetinib,30.0,-0.38884171875608037,8.396548,0.7531556
552,silmitasertib,0.003,0.9917479132051114,7.297879,-0.012618519
553,silmitasertib,0.01,0.9860208848979672,6.5263805,0.39000186
554,silmitasertib,0.03,0.9757951851286368,8.24724,-0.28154945
555,silmitasertib,0.1,0.9499632164539225,8.270935,-0.31518847
556,silmitasertib,0.3,0.8669201496128971,8.258947,-0.30414632
557,silmitasertib,1.0,0.600972785146046,8.24623,-0.29465014
558,silmitasertib,3.0,-0.0391153860431403,8.305951,-0.33992666
559,silmitasertib,30.0,-0.34924979895570624,8.194831,-0.23262388
560,sorafenib,0.003,0.9932409590573051,5.616358,0.74484044
561,sorafenib,0.01,0.9877591825948389,5.6979685,0.4313918
562,sorafenib,0.03,0.977753817940941,5.6646967,0.5089218
563,sorafenib,0.1,0.9524745449996993,4.761931,0.66673857
564,sorafenib,0.3,0.8915390121969246,4.0031786,0.0062406436
565,sorafenib,1.0,0.6687422406099378,3.5615487,-0.30597556
566,sorafenib,3.0,-0.07013276268653988,3.286045,-0.36792728
567,sorafenib,30.0,-0.6380875637773673,3.0561619,0.045541
568,sotrastaurin,0.003,0.9859976198234884,6.6354017,2.4297817
569,sotrastaurin,0.01,0.9804199085080675,5.9090633,0.87232715
570,sotrastaurin,0.03,0.972623116218601,7.1225977,3.0853174
571,sotrastaurin,0.1,0.9583515458741076,7.1343656,3.1346438
572,sotrastaurin,0.3,0.933379682081611,7.078028,3.2161698
573,sotrastaurin,1.0,0.8615403150746374,7.117342,3.2404869
574,sotrastaurin,3.0,0.3787987278629003,7.139822,3.2686133
575,sotrastaurin,30.0,-0.8165054664113424,7.077003,3.2034006
576,sunitinib,0.003,0.9895062127808095,1.5434145,1.7979873
577,sunitinib,0.01,0.984673528468446,1.6371211,1.7044549
578,sunitinib,0.03,0.9753483583785579,1.6020612,1.756398
579,sunitinib,0.1,0.9497344586303906,1.7248894,1.6327577
580,sunitinib,0.3,0.8830013751869941,1.7279071,1.6137377
581,sunitinib,1.0,0.5918150809785914,1.9686171,1.3810002
582,sunitinib,3.0,-0.43870699590322343,2.1065986,1.237811
583,sunitinib,30.0,-0.831263129199899,2.4035122,1.1103169
584,tandutinib,0.003,0.9961051650154771,2.9703095,1.4558351
585,tandutinib,0.01,0.9931509306376468,5.4874554,2.2635756
586,tandutinib,0.03,0.9888247038510616,5.12207,1.3555543
587,tandutinib,0.1,0.9802984110636201,2.4875298,1.6161946
588,tandutinib,0.3,0.960567567867522,2.258858,1.5085344
589,tandutinib,1.0,0.8137937633505169,2.3481765,1.5104226
590,tandutinib,3.0,-0.11972343807121086,2.3891165,1.4077855
591,tandutinib,30.0,-0.5891679737635741,2.463932,1.3504019
592,tg100115,0.003,0.9968333043846963,5.9029646,0.3100256
593,tg100115,0.01,0.9942590156415335,5.970917,0.6118625
594,tg100115,0.03,0.9892344569998797,1.481501,0.8713561
595,tg100115,0.1,0.9759819957116266,1.53287,0.92979133
596,tg100115,0.3,0.9438219750250502,1.4928676,0.86176795
597,tg100115,1.0,0.8332537017061787,1.6106037,1.0235645
598,tg100115,3.0,0.38543651334372625,1.5745053,0.9899481
599,tg100115,30.0,-0.6957089701782758,1.5223083,0.9240586
600,tivantinib,0.003,0.9819565525372732,6.0140085,0.74911237
601,tivantinib,0.01,0.9611503203658766,6.0982676,0.49961984
602,tivantinib,0.03,0.9170296715044669,6.117716,0.49245134
603,tivantinib,0.1,0.7902318830656341,5.945047,0.47836784
604,tivantinib,0.3,0.48769884771494043,6.027942,0.4909832
605,tivantinib,1.0,0.04703108615971752,2.8014429,2.4102924
606,tivantinib,3.0,-0.26686915558168317,2.7481685,2.3918421
607,tivantinib,30.0,-0.44745405748466494,2.740496,2.3903334
608,tivozanib,0.003,0.9805170949539186,5.3378963,0.5920187
609,tivozanib,0.01,0.9679245023959059,5.386312,0.60294676
610,tivozanib,0.03,0.946597466261315,5.207856,0.5832938
611,tivozanib,0.1,0.8997294720966965,3.4973178,-0.34201345
612,tivozanib,0.3,0.8026948871239472,3.4405537,-0.36141765
613,tivozanib,1.0,0.5232995343343398,2.8031254,-0.2946533
614,tivozanib,3.0,-0.12126248378925275,2.8995101,-0.35633442
615,tivozanib,30.0,-0.5964980883141958,2.854714,-0.3174246
616,tozasertib,0.003,0.9449434848792423,5.6884494,0.970888
617,tozasertib,0.01,0.9061109138553196,3.8361924,3.3402016
618,tozasertib,0.03,0.8466045535911758,3.9269867,3.430577
619,tozasertib,0.1,0.7210130753237566,3.9370377,3.5095096
620,tozasertib,0.3,0.527423581865801,3.813804,3.5080628
621,tozasertib,1.0,0.27456352114899296,3.7125897,3.4889412
622,tozasertib,3.0,-0.1480453261262802,3.6007116,3.5163743
623,tozasertib,30.0,-0.6714028522787879,3.6819568,3.5399413
624,trametinib,0.003,0.7422023347851057,8.215816,0.7795601
625,trametinib,0.01,0.6104785637178176,8.190998,0.7456272
626,trametinib,0.03,0.4939977663452061,8.254573,0.8829369
627,trametinib,0.1,0.38369113080956185,8.385603,0.761302
628,trametinib,0.3,0.2963038329562393,8.46609,0.66851026
629,trametinib,1.0,0.20466611840032123,8.463004,0.653356
630,trametinib,3.0,0.05576477834972363,8.344933,0.8091521
631,trametinib,30.0,-0.1065511171081271,8.336865,0.8335174
632,vandetanib,0.003,0.9914528969218647,4.3273044,-2.4049053
633,vandetanib,0.01,0.981493854677738,4.3565493,-2.4286246
634,vandetanib,0.03,0.9617027973309862,4.3499594,-2.4135156
635,vandetanib,0.1,0.9142513158891782,4.2657247,-2.3635738
636,vandetanib,0.3,0.8180134297679553,4.223863,-2.271852
637,vandetanib,1.0,0.5548149147436173,4.1928215,-2.177396
638,vandetanib,3.0,-0.10743075365876793,4.0934486,-1.999676
639,vandetanib,30.0,-0.6294877936517806,3.517803,-1.0810603
640,vemurafenib,0.003,0.9993549569704575,5.4798427,0.50204206
641,vemurafenib,0.01,0.9973850853019304,5.7135425,0.35969177
642,vemurafenib,0.03,0.9906107945580848,5.4547973,0.4461256
643,vemurafenib,0.1,0.9621686025225483,4.350737,0.14552367
644,vemurafenib,0.3,0.869870211488725,4.105653,0.0641176
645,vemurafenib,1.0,0.5651342323844929,3.7271461,0.03980325
646,vemurafenib,3.0,0.05523357656486314,3.614439,-0.020069838
647,vemurafenib,30.0,-0.5871890731988052,3.7208664,0.09899079
648,y39983,0.003,0.9924743886899011,5.0475574,3.0186703
649,y39983,0.01,0.9802852478701797,6.6434064,2.649658
650,y39983,0.03,0.9522956874622808,6.9678516,2.3362734
651,y39983,0.1,0.8740972506792221,7.187004,2.401566
652,y39983,0.3,0.6969770391373755,7.3088193,2.4610894
653,y39983,1.0,0.25495591567645604,7.3114038,2.4671056
654,y39983,3.0,-0.3253610934031674,7.333692,2.4920816
655,y39983,30.0,-0.8949542410193563,7.320694,2.484581
