,0,1,2,3,4,5,6,7,8,9,10,11
mean_fit_time,38.75656383528429,39.21413948956658,39.75252243701149,37.683904858196485,38.46314636398764,38.57318270557067,39.61716475206263,39.849607933970056,38.09986114151337,37.46140941100962,38.22483142684488,37.699372691266674
std_fit_time,4.39927130938389,4.659205944846036,4.905393820482619,5.176911155926275,4.521280856669575,5.004601131521537,5.23265057750871,5.1176371169803145,5.147683921130254,4.8057187339193925,4.932816813603063,4.6827949253111925
mean_score_time,0.016333990237292123,0.016653853304245892,0.01736294522004969,0.017333854647243723,0.016912656671860638,0.01837293540730196,0.018192094915053424,0.01745265371659223,0.017676276319167194,0.017202061765334186,0.01746330191107357,0.017852355452144846
std_score_time,0.004626972904045355,0.004464863552151158,0.0034921723899978257,0.0029365564992015064,0.0036715474574776667,0.005900982082492464,0.003722616313522303,0.003251216043265319,0.00407733963414864,0.0036460009991727505,0.0033629024948996964,0.0032419866801487807
param_criterion,MSELoss(),MSELoss(),MSELoss(),MSELoss(),MSELoss(),MSELoss(),MSELoss(),MSELoss(),MSELoss(),MSELoss(),MSELoss(),MSELoss()
param_dropout,0.15,0.15,0.15,0.15,0.25,0.25,0.25,0.25,0.4,0.4,0.4,0.4
param_hidden_activation,Tanh(),Tanh(),Tanh(),Tanh(),Tanh(),Tanh(),Tanh(),Tanh(),Tanh(),Tanh(),Tanh(),Tanh()
param_hidden_size,100,100,100,100,100,100,100,100,100,100,100,100
param_in_dims,662,662,662,662,662,662,662,662,662,662,662,662
param_max_epochs,30,30,30,30,30,30,30,30,30,30,30,30
param_minibatch,32,32,32,32,32,32,32,32,32,32,32,32
param_num_workers,2,2,2,2,2,2,2,2,2,2,2,2
param_number_hidden,2,2,3,3,2,2,3,3,2,2,3,3
param_out_dims,1,1,1,1,1,1,1,1,1,1,1,1
param_output_activation,Tanh(),Tanh(),Tanh(),Tanh(),Tanh(),Tanh(),Tanh(),Tanh(),Tanh(),Tanh(),Tanh(),Tanh()
param_tol,0.005,0.005,0.005,0.005,0.005,0.005,0.005,0.005,0.005,0.005,0.005,0.005
param_weight_decay,0.0001,0.001,0.0001,0.001,0.0001,0.001,0.0001,0.001,0.0001,0.001,0.0001,0.001
params,"{'criterion': MSELoss(), 'dropout': 0.15, 'hidden_activation': Tanh(), 'hidden_size': 100, 'in_dims': 662, 'max_epochs': 30, 'minibatch': 32, 'num_workers': 2, 'number_hidden': 2, 'out_dims': 1, 'output_activation': Tanh(), 'tol': 0.005, 'weight_decay': 0.0001}","{'criterion': MSELoss(), 'dropout': 0.15, 'hidden_activation': Tanh(), 'hidden_size': 100, 'in_dims': 662, 'max_epochs': 30, 'minibatch': 32, 'num_workers': 2, 'number_hidden': 2, 'out_dims': 1, 'output_activation': Tanh(), 'tol': 0.005, 'weight_decay': 0.001}","{'criterion': MSELoss(), 'dropout': 0.15, 'hidden_activation': Tanh(), 'hidden_size': 100, 'in_dims': 662, 'max_epochs': 30, 'minibatch': 32, 'num_workers': 2, 'number_hidden': 3, 'out_dims': 1, 'output_activation': Tanh(), 'tol': 0.005, 'weight_decay': 0.0001}","{'criterion': MSELoss(), 'dropout': 0.15, 'hidden_activation': Tanh(), 'hidden_size': 100, 'in_dims': 662, 'max_epochs': 30, 'minibatch': 32, 'num_workers': 2, 'number_hidden': 3, 'out_dims': 1, 'output_activation': Tanh(), 'tol': 0.005, 'weight_decay': 0.001}","{'criterion': MSELoss(), 'dropout': 0.25, 'hidden_activation': Tanh(), 'hidden_size': 100, 'in_dims': 662, 'max_epochs': 30, 'minibatch': 32, 'num_workers': 2, 'number_hidden': 2, 'out_dims': 1, 'output_activation': Tanh(), 'tol': 0.005, 'weight_decay': 0.0001}","{'criterion': MSELoss(), 'dropout': 0.25, 'hidden_activation': Tanh(), 'hidden_size': 100, 'in_dims': 662, 'max_epochs': 30, 'minibatch': 32, 'num_workers': 2, 'number_hidden': 2, 'out_dims': 1, 'output_activation': Tanh(), 'tol': 0.005, 'weight_decay': 0.001}","{'criterion': MSELoss(), 'dropout': 0.25, 'hidden_activation': Tanh(), 'hidden_size': 100, 'in_dims': 662, 'max_epochs': 30, 'minibatch': 32, 'num_workers': 2, 'number_hidden': 3, 'out_dims': 1, 'output_activation': Tanh(), 'tol': 0.005, 'weight_decay': 0.0001}","{'criterion': MSELoss(), 'dropout': 0.25, 'hidden_activation': Tanh(), 'hidden_size': 100, 'in_dims': 662, 'max_epochs': 30, 'minibatch': 32, 'num_workers': 2, 'number_hidden': 3, 'out_dims': 1, 'output_activation': Tanh(), 'tol': 0.005, 'weight_decay': 0.001}","{'criterion': MSELoss(), 'dropout': 0.4, 'hidden_activation': Tanh(), 'hidden_size': 100, 'in_dims': 662, 'max_epochs': 30, 'minibatch': 32, 'num_workers': 2, 'number_hidden': 2, 'out_dims': 1, 'output_activation': Tanh(), 'tol': 0.005, 'weight_decay': 0.0001}","{'criterion': MSELoss(), 'dropout': 0.4, 'hidden_activation': Tanh(), 'hidden_size': 100, 'in_dims': 662, 'max_epochs': 30, 'minibatch': 32, 'num_workers': 2, 'number_hidden': 2, 'out_dims': 1, 'output_activation': Tanh(), 'tol': 0.005, 'weight_decay': 0.001}","{'criterion': MSELoss(), 'dropout': 0.4, 'hidden_activation': Tanh(), 'hidden_size': 100, 'in_dims': 662, 'max_epochs': 30, 'minibatch': 32, 'num_workers': 2, 'number_hidden': 3, 'out_dims': 1, 'output_activation': Tanh(), 'tol': 0.005, 'weight_decay': 0.0001}","{'criterion': MSELoss(), 'dropout': 0.4, 'hidden_activation': Tanh(), 'hidden_size': 100, 'in_dims': 662, 'max_epochs': 30, 'minibatch': 32, 'num_workers': 2, 'number_hidden': 3, 'out_dims': 1, 'output_activation': Tanh(), 'tol': 0.005, 'weight_decay': 0.001}"
split0_test_score,0.7846894860267639,0.8377019762992859,0.7720150351524353,0.8792597055435181,0.8274294137954712,0.8762391805648804,0.8306941390037537,0.8114347457885742,0.8774269819259644,0.7851288914680481,0.7013784050941467,0.8555386066436768
split1_test_score,0.2461002767086029,0.2623606324195862,0.20166945457458496,0.2527473568916321,0.25114333629608154,0.24037574231624603,0.289521187543869,0.21965903043746948,0.2574320435523987,0.22829467058181763,0.24598270654678345,0.2578747868537903
split2_test_score,0.24023468792438507,0.13119308650493622,0.23900040984153748,0.23818188905715942,0.296532541513443,0.21821317076683044,0.23206089437007904,0.20238986611366272,0.36076653003692627,0.17065799236297607,0.1968141496181488,0.1385316699743271
split3_test_score,0.6359360218048096,0.5096696615219116,0.7657275199890137,0.40240392088890076,0.5721338391304016,0.33501574397087097,0.5414974093437195,0.5414019823074341,0.5021763443946838,0.49346935749053955,0.6450592875480652,0.33073464035987854
split4_test_score,0.7471928000450134,0.3033525347709656,0.5420265197753906,0.501997709274292,0.6688327193260193,0.1944626122713089,0.14971575140953064,0.16628536581993103,0.5226665139198303,0.5932955145835876,0.34563612937927246,0.5999012589454651
split5_test_score,0.30589330196380615,0.2593408524990082,0.28159773349761963,0.26135286688804626,0.3460654020309448,0.2539759576320648,0.24103471636772156,0.21558275818824768,0.24932743608951569,0.2729966342449188,0.24334906041622162,0.2529207468032837
split6_test_score,0.23942935466766357,0.22350117564201355,0.21794047951698303,0.25428271293640137,0.266989529132843,0.21298086643218994,0.2083761841058731,0.2514464557170868,0.24184146523475647,0.2517581880092621,0.2771369516849518,0.2608615756034851
split7_test_score,0.20193223655223846,0.1843343824148178,0.18170508742332458,0.16632193326950073,0.18930703401565552,0.1725073605775833,0.1888894885778427,0.21325936913490295,0.1996769905090332,0.184756338596344,0.19784881174564362,0.1733635514974594
split8_test_score,0.7469435930252075,0.8403900265693665,0.8171967267990112,0.8276682496070862,0.8718254566192627,0.8151313662528992,0.9997357726097107,0.8843407034873962,0.9240196943283081,0.8489563465118408,0.9482168555259705,0.9443361759185791
split9_test_score,0.43960845470428467,0.3767680525779724,0.6712033152580261,0.6535775065422058,0.4686506390571594,0.3519483208656311,0.6066395044326782,0.3734849691390991,0.5817028880119324,0.619806170463562,0.46712061762809753,0.7906469702720642
split10_test_score,0.555131733417511,0.573137104511261,0.6540294289588928,0.7335792779922485,0.5961644649505615,0.6107527613639832,1.0004907846450806,0.805726170539856,0.6722425818443298,0.6907560229301453,0.8062255382537842,0.7672939896583557
split11_test_score,0.28327304124832153,0.23845428228378296,0.2653036415576935,0.17735502123832703,0.2423611581325531,0.24923671782016754,0.179623544216156,0.26273784041404724,0.2336888462305069,0.23068386316299438,0.277637779712677,0.18959029018878937
split12_test_score,0.2721896469593048,0.27192842960357666,0.26121610403060913,0.2721463441848755,0.3573675751686096,0.3460504114627838,0.33227089047431946,0.263492614030838,0.24974879622459412,0.25382956862449646,0.24558185040950775,0.2614798843860626
split13_test_score,0.11988677829504013,0.15508818626403809,0.0886814221739769,0.0759667456150055,0.14811959862709045,0.10247292369604111,0.14031220972537994,0.10845943540334702,0.10126253962516785,0.08780181407928467,0.0934150218963623,0.11231770366430283
split14_test_score,0.234211266040802,0.2963375449180603,0.230693981051445,0.24620790779590607,0.25430652499198914,0.21583692729473114,0.21464379131793976,0.20941993594169617,0.24298112094402313,0.2373378723859787,0.24944819509983063,0.26309987902641296
split15_test_score,0.38160398602485657,0.5229961276054382,0.4274023175239563,0.18994499742984772,0.45057934522628784,0.4008881747722626,0.5047696828842163,0.38368725776672363,0.14088252186775208,0.2409123182296753,0.34193137288093567,0.34359246492385864
split16_test_score,0.3976483643054962,0.4015660881996155,0.5206995010375977,0.400957316160202,0.35222098231315613,0.4380514621734619,0.36647287011146545,0.2798013389110565,0.6833102107048035,0.5877254605293274,0.41122013330459595,0.32460033893585205
split17_test_score,0.10848522186279297,0.14802849292755127,0.2743392586708069,0.11861121654510498,0.15347954630851746,0.20893868803977966,0.3298959732055664,0.14076685905456543,0.10325860977172852,0.11543003469705582,0.20191550254821777,0.16742710769176483
split18_test_score,0.30732858180999756,0.3504597544670105,0.3810166120529175,0.2674582600593567,0.2713499963283539,0.41511431336402893,0.49486738443374634,0.34974634647369385,0.40066105127334595,0.5647932887077332,0.27668896317481995,0.4725196063518524
split19_test_score,0.42804229259490967,0.5687770247459412,0.4920438826084137,0.5876569151878357,0.5851380825042725,0.5365104675292969,0.6630488038063049,0.6487106680870056,0.5513066053390503,0.5276275277137756,0.4954759478569031,0.461337685585022
split20_test_score,0.3922683298587799,0.5877692699432373,0.36130931973457336,0.6615879535675049,0.5069774985313416,0.5854293704032898,0.48392951488494873,0.26273971796035767,0.5039666891098022,0.6655776500701904,0.4404655396938324,0.33456313610076904
split21_test_score,0.4552992582321167,0.3173478841781616,0.364343523979187,0.479362428188324,0.34034040570259094,0.3341080844402313,0.2524845600128174,0.2846815884113312,0.2734239399433136,0.32846930623054504,0.3929121792316437,0.3867626190185547
split22_test_score,0.40439373254776,0.2811272442340851,0.2674761414527893,0.2508569657802582,0.266810804605484,0.18684835731983185,0.26744192838668823,0.25963500142097473,0.18267686665058136,0.20380577445030212,0.21888726949691772,0.16196773946285248
split23_test_score,1.123530626296997,1.0191084146499634,1.0193549394607544,0.5669060349464417,0.9606482982635498,0.627008318901062,0.7515767216682434,0.5368308424949646,0.6699716448783875,0.807040810585022,1.1402360200881958,0.9237446188926697
split24_test_score,0.6849229335784912,0.6292241215705872,0.7247586846351624,0.7849981784820557,0.7188637256622314,0.7131854891777039,0.5780789852142334,0.7281748056411743,0.5744657516479492,0.6112390756607056,0.7217393517494202,0.8243938684463501
split25_test_score,1.2401924133300781,1.256330132484436,1.2559335231781006,1.2486342191696167,1.2360955476760864,1.2447044849395752,1.2363073825836182,1.2300645112991333,1.247268795967102,1.259252667427063,1.2531208992004395,1.1774266958236694
split26_test_score,0.6350395679473877,0.4646230936050415,0.5773805379867554,0.666770875453949,0.39109453558921814,0.6466490030288696,0.45168909430503845,0.5961211919784546,0.3677469491958618,0.5343074202537537,0.5396246314048767,0.6123883128166199
split27_test_score,0.4199703335762024,0.48288077116012573,0.42260050773620605,0.3610021471977234,0.4617031514644623,0.33194103837013245,0.4406960904598236,0.5270886421203613,0.3224731385707855,0.5027693510055542,0.47765636444091797,0.4607871174812317
split28_test_score,0.12432821094989777,0.14567269384860992,0.10844289511442184,0.0990026593208313,0.13232819736003876,0.10918159782886505,0.10544571280479431,0.1199093833565712,0.1144624650478363,0.10671171545982361,0.1057824194431305,0.12908095121383667
split29_test_score,0.2199493795633316,0.21960701048374176,0.20674096047878265,0.21491789817810059,0.2125242054462433,0.20921897888183594,0.20630453526973724,0.2097402960062027,0.2251739203929901,0.2097780853509903,0.2009526789188385,0.21036598086357117
split30_test_score,0.5639960169792175,0.6088518500328064,0.52458256483078,0.4101255536079407,0.5712137222290039,0.5309165716171265,0.5343981981277466,0.5242887139320374,0.4576423466205597,0.5508174896240234,0.49696487188339233,0.4831768870353699
split31_test_score,0.2948012053966522,0.3522239327430725,0.2866208851337433,0.3232639729976654,0.28426480293273926,0.2478465735912323,0.30125391483306885,0.2553499639034271,0.24116361141204834,0.23720617592334747,0.25173521041870117,0.425637811422348
split32_test_score,0.34768566489219666,0.32919052243232727,0.3642975091934204,0.3514311909675598,0.3093734085559845,0.43739041686058044,0.38538679480552673,0.3019474446773529,0.4669738709926605,0.39013180136680603,0.4727162718772888,0.2770504355430603
split33_test_score,1.2182773351669312,1.0314304828643799,1.4791806936264038,0.8757023811340332,1.1022751331329346,1.353079915046692,0.973663330078125,1.2542248964309692,1.2570806741714478,1.023028016090393,1.073455810546875,1.1197203397750854
split34_test_score,0.4423532485961914,0.48854970932006836,0.3370433449745178,0.5164943337440491,0.5032727122306824,0.5014054179191589,0.47265827655792236,0.48990824818611145,0.4391690492630005,0.2910088896751404,0.4245898723602295,0.4829196035861969
split35_test_score,0.6245530843734741,0.4927220940589905,0.6545478105545044,0.6145380735397339,0.5745143890380859,0.6015719175338745,0.3781302571296692,0.5346154570579529,0.5817102789878845,0.7968167066574097,0.5896795988082886,0.7381019592285156
split36_test_score,0.44863128662109375,0.6867212653160095,0.6214959621429443,0.8143545389175415,0.6637498736381531,0.6217668652534485,0.5921648740768433,0.6603997349739075,0.7908344268798828,0.3055526316165924,0.6187579035758972,0.9299399852752686
split37_test_score,0.3694169521331787,0.36416393518447876,0.35639920830726624,0.3584192097187042,0.34700414538383484,0.3336218297481537,0.34617316722869873,0.3430999517440796,0.32540807127952576,0.3423609435558319,0.3456059992313385,0.31714823842048645
split38_test_score,0.7195615768432617,0.8316950798034668,1.1626344919204712,1.169310212135315,0.7252906560897827,1.055818796157837,1.101270318031311,0.8106046915054321,0.9809864163398743,0.754742443561554,0.8708860874176025,1.0486356019973755
split39_test_score,1.3819185495376587,1.0480141639709473,1.023468017578125,1.5096759796142578,0.8477415442466736,1.1731758117675781,0.5496079325675964,1.0022644996643066,0.9737028479576111,1.3136805295944214,1.0224159955978394,0.9984050989151001
split40_test_score,0.5004227757453918,0.33619609475135803,0.5946082472801208,0.5486681461334229,0.4463984966278076,0.3861474096775055,0.5516049265861511,0.4402397572994232,0.4472411572933197,0.6332677602767944,0.5248414874076843,0.5018343925476074
split41_test_score,0.6620087623596191,0.812958836555481,0.5080643892288208,0.4606721103191376,0.6277068853378296,0.6114315390586853,0.5477266311645508,0.782817006111145,0.5600948929786682,0.6570347547531128,0.7229893207550049,0.7106536030769348
split42_test_score,0.34804752469062805,0.4523230195045471,0.5094916820526123,0.42959102988243103,1.0645992755889893,0.5346381068229675,0.32562240958213806,0.44841378927230835,0.6360593438148499,0.7561543583869934,0.5977896451950073,0.9984791278839111
split43_test_score,1.094915509223938,1.0108351707458496,1.1327720880508423,1.0470534563064575,1.0476678609848022,1.1266356706619263,1.1652414798736572,1.2143688201904297,1.1568554639816284,1.1236801147460938,1.042940616607666,1.1154967546463013
split44_test_score,0.40192240476608276,0.44874659180641174,0.28236693143844604,0.35880306363105774,0.35295385122299194,0.11560574918985367,0.3313554525375366,0.4059998393058777,0.30081862211227417,0.3054121732711792,0.3610491454601288,0.3476788401603699
split45_test_score,0.36052870750427246,0.331571489572525,0.30446410179138184,0.3044557273387909,0.34673574566841125,0.363042950630188,0.34787899255752563,0.36962398886680603,0.34613627195358276,0.3319688141345978,0.35798579454421997,0.33575546741485596
split46_test_score,1.0316811800003052,1.1284345388412476,1.2806055545806885,0.9876247644424438,1.0726908445358276,0.5540583729743958,0.6668381690979004,1.0962263345718384,1.2144715785980225,0.8367115259170532,1.1203173398971558,0.9602285027503967
split47_test_score,0.3592028021812439,0.42034971714019775,0.3506874144077301,0.23264385759830475,0.4142991304397583,0.36505064368247986,0.344891220331192,0.38889259099960327,0.3701219856739044,0.3119591474533081,0.49596408009529114,0.4153873920440674
split48_test_score,0.43684765696525574,0.45424121618270874,0.42423275113105774,0.5189852118492126,0.3890802562236786,0.5311686396598816,0.4101751446723938,0.3999423086643219,0.4208538830280304,0.5516072511672974,0.386277973651886,0.5209762454032898
split49_test_score,0.3322056829929352,0.2812443673610687,0.3620525300502777,0.3203994035720825,0.3261525630950928,0.19867537915706635,0.380645215511322,0.3006868362426758,0.2342836707830429,0.5088464617729187,0.25947076082229614,0.2725202739238739
split50_test_score,0.1543147712945938,0.3086422085762024,0.18156686425209045,0.5621514916419983,0.21877671778202057,0.40296676754951477,0.3772246241569519,0.5562639832496643,0.30352410674095154,0.1775767058134079,0.36108988523483276,0.27101844549179077
split51_test_score,0.5340070128440857,0.526023268699646,0.5252575278282166,0.5204121470451355,0.5206935405731201,0.49197086691856384,0.49244675040245056,0.5117540955543518,0.5370400547981262,0.5432053208351135,0.5037007331848145,0.5307950377464294
split52_test_score,0.20103253424167633,0.15032143890857697,0.2371920943260193,0.23264846205711365,0.19372417032718658,0.2611473500728607,0.2145751416683197,0.14483487606048584,0.24185648560523987,0.25115764141082764,0.2587372064590454,0.2103210985660553
split53_test_score,0.5936413407325745,0.5668814778327942,0.7207264304161072,0.7655465006828308,0.6312659382820129,0.7512868046760559,0.7716069221496582,0.6909932494163513,0.7014046907424927,0.7427988052368164,0.7649815082550049,0.7941294312477112
split54_test_score,0.8025127053260803,0.9963123202323914,1.1952767372131348,1.0831634998321533,1.1955182552337646,1.3942023515701294,0.8407991528511047,1.0350674390792847,1.0297352075576782,1.101737380027771,1.216976284980774,0.8877451419830322
split55_test_score,0.46109992265701294,0.6278780698776245,0.5926722288131714,0.5269788503646851,0.5091156959533691,0.615676999092102,0.396887868642807,0.44854676723480225,0.5437993407249451,0.4621241092681885,0.37213537096977234,0.35095831751823425
split56_test_score,0.30219003558158875,0.3171069622039795,0.2800380289554596,0.2948931157588959,0.3080868124961853,0.23214000463485718,0.28915926814079285,0.30208486318588257,0.27256205677986145,0.27997928857803345,0.2799529433250427,0.32592451572418213
split57_test_score,1.412696361541748,1.330469012260437,0.6602441668510437,1.48317551612854,0.8597620129585266,0.09214848279953003,1.6136000156402588,0.373331755399704,1.1840994358062744,1.0539110898971558,0.9357768893241882,1.1768940687179565
split58_test_score,0.09682609885931015,0.09112091362476349,0.09397496283054352,0.0792452022433281,0.10701891779899597,0.1042342260479927,0.07000874727964401,0.08401325345039368,0.10083720833063126,0.0928095281124115,0.08834757655858994,0.10838692635297775
split59_test_score,0.724265992641449,0.8563826084136963,1.3000229597091675,0.8592263460159302,0.5492661595344543,1.0247820615768433,1.3537791967391968,0.9576414823532104,0.9256396293640137,0.9915558695793152,0.8423683047294617,0.6837471127510071
split60_test_score,0.2871169447898865,0.5829756259918213,0.3336748778820038,1.7325663566589355,1.0498005151748657,0.709517240524292,0.9698424339294434,0.37561890482902527,0.7135192155838013,1.2144330739974976,0.7011951208114624,0.7722054123878479
split61_test_score,0.48028653860092163,0.5657739639282227,0.5645341277122498,0.5536919236183167,0.5486512184143066,0.49607226252555847,0.5447167754173279,0.6801888942718506,0.5679242014884949,0.6239994168281555,0.5348970890045166,0.4950406551361084
split62_test_score,0.6468580365180969,0.590203583240509,0.5925964117050171,0.5569718480110168,0.6839641332626343,0.5460293292999268,0.598380982875824,0.5677919983863831,0.6211289763450623,0.6641183495521545,0.6950379014015198,0.5953960418701172
split63_test_score,0.5196430087089539,0.32654088735580444,0.2879866063594818,0.33244311809539795,0.24264732003211975,0.44565528631210327,0.5564663410186768,0.5271962881088257,0.4190978407859802,0.538254976272583,0.3564082980155945,0.27337488532066345
split64_test_score,0.17862705886363983,0.15780308842658997,0.2704913318157196,0.15686534345149994,0.14302663505077362,0.1930554062128067,0.33175548911094666,0.15947836637496948,0.22579915821552277,0.14373847842216492,0.18036679923534393,0.17455361783504486
split65_test_score,0.14494125545024872,0.3105560541152954,0.21639783680438995,0.23556171357631683,0.15445540845394135,0.37846556305885315,0.2922438681125641,0.2158893495798111,0.26489344239234924,0.2657207250595093,0.2614552080631256,0.16366615891456604
split66_test_score,0.3328278064727783,0.3240516781806946,0.31247878074645996,0.2086537778377533,0.40890344977378845,0.21040745079517365,0.25860318541526794,0.5579231381416321,0.475644588470459,0.32323384284973145,0.2093696892261505,0.20703722536563873
split67_test_score,0.26116541028022766,0.4398341774940491,0.4533032774925232,0.3047791123390198,0.2698737680912018,0.25647589564323425,0.3653407096862793,0.29115164279937744,0.2854633033275604,0.2505512237548828,0.3035000264644623,0.29983091354370117
mean_test_score,0.4918924510917243,0.4976237863302231,0.5142926602240872,0.5218074081794304,0.5001311694436213,0.4769450120408745,0.5048917600994601,0.47927213109591427,0.5028468726531548,0.5140862286309985,0.5009145772851565,0.5075032579548219
std_test_score,0.30480758005910663,0.2887768460617022,0.3242982682788514,0.3551843150602857,0.28708371243201364,0.3079467260867063,0.3132202842468391,0.28951550880677,0.303222619857082,0.30886364141739947,0.29491418681298903,0.30676411048578917
rank_test_score,10,9,2,1,8,12,5,11,6,3,7,4
split0_train_score,0.10519280284643173,0.1018584743142128,0.10258404910564423,0.10506942123174667,0.1073414757847786,0.10054497420787811,0.09964770078659058,0.11507857590913773,0.10826243460178375,0.10107681155204773,0.1177738606929779,0.10576605796813965
split1_train_score,0.10795945674180984,0.10875855386257172,0.10884957015514374,0.11352743208408356,0.10420171916484833,0.10638563334941864,0.1090199202299118,0.10606276243925095,0.1077779084444046,0.10897626727819443,0.10547281801700592,0.11024519801139832
split2_train_score,0.11365929991006851,0.1048571765422821,0.10634537041187286,0.1090376079082489,0.10424456000328064,0.10413911193609238,0.11036896705627441,0.10870499163866043,0.11345776915550232,0.10877212882041931,0.10407212376594543,0.10440591722726822
split3_train_score,0.10939919948577881,0.10339000821113586,0.10864517092704773,0.10779837518930435,0.10897145420312881,0.10898090153932571,0.10467150062322617,0.11220376938581467,0.10288693755865097,0.1058603897690773,0.10417857021093369,0.10712425410747528
split4_train_score,0.10870099067687988,0.10848189145326614,0.108240507543087,0.10983936488628387,0.11081039160490036,0.10649240761995316,0.10521236062049866,0.10882129520177841,0.10191293805837631,0.10638365149497986,0.10351286083459854,0.10864538699388504
split5_train_score,0.10461292415857315,0.10812035948038101,0.10526230186223984,0.10340265184640884,0.10761372745037079,0.10468952357769012,0.10273498296737671,0.10482743382453918,0.10678117722272873,0.11354473233222961,0.1094498485326767,0.10689401626586914
split6_train_score,0.10887953639030457,0.10930642485618591,0.10852447152137756,0.10668713599443436,0.10292995721101761,0.10736354440450668,0.10577967017889023,0.10298825800418854,0.1048998311161995,0.1085437461733818,0.1063166931271553,0.10869128257036209
split7_train_score,0.10724793374538422,0.10753804445266724,0.10600268840789795,0.10392305254936218,0.1050589308142662,0.10763531178236008,0.10649634897708893,0.10850877314805984,0.10401252657175064,0.10873876512050629,0.10603286325931549,0.10217389464378357
split8_train_score,0.10600777715444565,0.10351675748825073,0.10377602279186249,0.10502456873655319,0.10694094002246857,0.1043243408203125,0.10179675370454788,0.10607034713029861,0.10838668793439865,0.10536418855190277,0.10430536419153214,0.10184695571660995
split9_train_score,0.10664135217666626,0.10847946256399155,0.10682649165391922,0.10514283180236816,0.109178826212883,0.1054018884897232,0.10288732498884201,0.10650169104337692,0.11232923716306686,0.10374657809734344,0.10660745948553085,0.1108938679099083
split10_train_score,0.10526973754167557,0.1034771278500557,0.10698573291301727,0.10745589435100555,0.10639066249132156,0.10483485460281372,0.11001122742891312,0.10496686398983002,0.10888174176216125,0.10586316883563995,0.1088104397058487,0.10814600437879562
split11_train_score,0.10527171939611435,0.10986034572124481,0.10829293727874756,0.1056191548705101,0.11052374541759491,0.10306741297245026,0.10402966290712357,0.10579343140125275,0.11178112775087357,0.10707511752843857,0.10416053980588913,0.10511273145675659
split12_train_score,0.11785932630300522,0.10200802981853485,0.10628664493560791,0.10251098871231079,0.10633591562509537,0.1142614483833313,0.10404588282108307,0.10591865330934525,0.1059543713927269,0.1077747792005539,0.10856809467077255,0.10420886427164078
split13_train_score,0.10716285556554794,0.11036624759435654,0.10463324189186096,0.11380892246961594,0.11414047330617905,0.10539504140615463,0.11785464733839035,0.10918354243040085,0.10368254035711288,0.10630448162555695,0.10617917776107788,0.10656888782978058
split14_train_score,0.10281852632761002,0.1065869852900505,0.10334954410791397,0.11218886077404022,0.1020328477025032,0.10367689281702042,0.10435912758111954,0.10397545993328094,0.10416103154420853,0.10378875583410263,0.10625268518924713,0.10254636406898499
split15_train_score,0.10341408848762512,0.10675401240587234,0.11108686029911041,0.10921960324048996,0.10439174622297287,0.10798579454421997,0.1064772978425026,0.11147068440914154,0.10415362566709518,0.10498126596212387,0.10995656251907349,0.10320337861776352
split16_train_score,0.10816764831542969,0.1069192886352539,0.10125160962343216,0.10630180686712265,0.11404483020305634,0.1028594970703125,0.10377559810876846,0.105862095952034,0.10172251611948013,0.10493209958076477,0.10307706892490387,0.10473048686981201
split17_train_score,0.104762502014637,0.10823774337768555,0.10755965113639832,0.10969662666320801,0.11478248238563538,0.10627972334623337,0.10879240185022354,0.10727735608816147,0.10500366985797882,0.10556202381849289,0.10797692090272903,0.10904336720705032
split18_train_score,0.10513509809970856,0.10058872401714325,0.10115145146846771,0.10610783845186234,0.10345489531755447,0.10150964558124542,0.10222800821065903,0.10315810143947601,0.10276186466217041,0.10521616041660309,0.10561829805374146,0.10789642482995987
split19_train_score,0.10464125871658325,0.10476245731115341,0.10249972343444824,0.11088235676288605,0.10409870743751526,0.10722097009420395,0.11109180748462677,0.1082945391535759,0.10933354496955872,0.10310766845941544,0.11498870700597763,0.10758473724126816
split20_train_score,0.10599496215581894,0.10682231932878494,0.11183430254459381,0.10949306935071945,0.11297440528869629,0.10766586661338806,0.10857164859771729,0.10366496443748474,0.10419922322034836,0.11194911599159241,0.11043383926153183,0.11022697389125824
split21_train_score,0.10434699058532715,0.1077597588300705,0.10666292160749435,0.10360721498727798,0.10304540395736694,0.10208228975534439,0.10324759781360626,0.10353356599807739,0.10238438099622726,0.11490125209093094,0.10572382807731628,0.10289087146520615
split22_train_score,0.10739836096763611,0.10589662939310074,0.10735463351011276,0.11132276803255081,0.10764459520578384,0.1070362851023674,0.11022376269102097,0.10942036658525467,0.10714660584926605,0.109682597219944,0.10469024628400803,0.11150364577770233
split23_train_score,0.1095353364944458,0.10341718047857285,0.11362757533788681,0.10230565816164017,0.108911894261837,0.1040729433298111,0.10959365963935852,0.10455238819122314,0.10451488941907883,0.11122805625200272,0.1106405258178711,0.10365421324968338
split24_train_score,0.10726755857467651,0.10748746246099472,0.10606677830219269,0.11003178358078003,0.10555768758058548,0.10503844916820526,0.11181528866291046,0.10982881486415863,0.11127176880836487,0.10613630712032318,0.10312142223119736,0.1058211699128151
split25_train_score,0.10486017912626266,0.10510848462581635,0.10293123126029968,0.10481659322977066,0.10641797631978989,0.10252968221902847,0.1018374040722847,0.10063692182302475,0.10769857466220856,0.1044062003493309,0.10642819851636887,0.1030563935637474
split26_train_score,0.10446948558092117,0.1040758416056633,0.10545416921377182,0.10878574848175049,0.10331065207719803,0.10991622507572174,0.10354562848806381,0.11862700432538986,0.1047213152050972,0.10541258007287979,0.10843462496995926,0.10901670157909393
split27_train_score,0.10413674265146255,0.10793929547071457,0.1044374406337738,0.10395637899637222,0.1063484326004982,0.10986051708459854,0.1055283471941948,0.11467365175485611,0.10657855123281479,0.10592801123857498,0.11148242652416229,0.10636846721172333
split28_train_score,0.12302511930465698,0.10475312918424606,0.10754193365573883,0.1057354211807251,0.10808656364679337,0.11179734021425247,0.10632127523422241,0.10207951068878174,0.10781699419021606,0.10277839004993439,0.10699325054883957,0.10650016367435455
split29_train_score,0.10348936170339584,0.10982642322778702,0.10550116002559662,0.11303935199975967,0.10131087899208069,0.10504680126905441,0.10774116963148117,0.1027253270149231,0.11038093268871307,0.10957310348749161,0.10227679461240768,0.10415925085544586
split30_train_score,0.11393561959266663,0.10745944082736969,0.10425172746181488,0.10510727018117905,0.11502989381551743,0.11233969032764435,0.1042158380150795,0.10420520603656769,0.10225994139909744,0.10678748786449432,0.1056177169084549,0.10572943091392517
split31_train_score,0.1027536392211914,0.1046462133526802,0.10623467713594437,0.11014889925718307,0.10337118804454803,0.10656259953975677,0.11099518835544586,0.11094317585229874,0.10371159762144089,0.10886802524328232,0.11622339487075806,0.11312966048717499
split32_train_score,0.1054471954703331,0.1089625433087349,0.10948128253221512,0.10736193507909775,0.10400862246751785,0.11656689643859863,0.11006443202495575,0.11155984550714493,0.11020166426897049,0.10946788638830185,0.11416571587324142,0.1038169339299202
split33_train_score,0.10395703464746475,0.10670152306556702,0.10567162930965424,0.10686396062374115,0.10410290211439133,0.10638115555047989,0.10689818859100342,0.1044757068157196,0.11298887431621552,0.10920644551515579,0.1068936437368393,0.10771846771240234
split34_train_score,0.11900073289871216,0.10786940902471542,0.10420002788305283,0.10945311933755875,0.10585515946149826,0.10439622402191162,0.10813643038272858,0.1035829409956932,0.10682890564203262,0.10798865556716919,0.10731913149356842,0.10316818952560425
split35_train_score,0.10602259635925293,0.10388510674238205,0.1076066717505455,0.10214018076658249,0.10745164006948471,0.10799694806337357,0.10551214218139648,0.10367884486913681,0.10496122390031815,0.11140583455562592,0.10949286818504333,0.10847886651754379
split36_train_score,0.10796322673559189,0.10729682445526123,0.10356882214546204,0.11276143044233322,0.11022079735994339,0.10449903458356857,0.10801287740468979,0.1048298254609108,0.10720733553171158,0.10902019590139389,0.10548154264688492,0.106881283223629
split37_train_score,0.12057919800281525,0.10699532181024551,0.11016649007797241,0.11211664974689484,0.11019118875265121,0.10570181161165237,0.1050662025809288,0.10627102851867676,0.10818319767713547,0.10763327032327652,0.10817158967256546,0.10486762225627899
split38_train_score,0.10836046934127808,0.10707107931375504,0.104575015604496,0.11373845487833023,0.11622333526611328,0.10297193378210068,0.10864630341529846,0.10627029836177826,0.10274413973093033,0.10474902391433716,0.10374009609222412,0.10186900198459625
split39_train_score,0.1059897169470787,0.10489459335803986,0.10884164273738861,0.11362092941999435,0.1057799756526947,0.11088291555643082,0.1062382310628891,0.11142529547214508,0.10514462739229202,0.10624323040246964,0.10379578173160553,0.10900714993476868
split40_train_score,0.10266400873661041,0.10681850463151932,0.10380537062883377,0.10693126916885376,0.10931406915187836,0.10461021959781647,0.10791783034801483,0.11076506972312927,0.10516157746315002,0.10119060426950455,0.10434780269861221,0.1087980717420578
split41_train_score,0.10481209307909012,0.10783791542053223,0.10877600312232971,0.10830436646938324,0.10750073194503784,0.10768649727106094,0.10991502553224564,0.10752774775028229,0.10748819261789322,0.11044488847255707,0.10652514547109604,0.1063896119594574
split42_train_score,0.10899427533149719,0.10573828965425491,0.10368566960096359,0.10997459292411804,0.11113887280225754,0.10712499171495438,0.10413192957639694,0.10897066444158554,0.10452054440975189,0.10520744323730469,0.11135710030794144,0.11120530962944031
split43_train_score,0.10804945975542068,0.10736718773841858,0.10359424352645874,0.10593701899051666,0.09832724183797836,0.10094619542360306,0.09966272860765457,0.10502074658870697,0.09950201958417892,0.09559598565101624,0.09915437549352646,0.09913194179534912
split44_train_score,0.10340314358472824,0.10534827411174774,0.10637407749891281,0.10541598498821259,0.10574571043252945,0.11195206642150879,0.11078643798828125,0.1044974997639656,0.10954641550779343,0.10622607916593552,0.106570765376091,0.1047966256737709
split45_train_score,0.10523217916488647,0.1060699000954628,0.10599519312381744,0.10132335871458054,0.10378625243902206,0.10432618111371994,0.10631788522005081,0.11525996774435043,0.11260529607534409,0.1031332015991211,0.10753104090690613,0.10840784758329391
split46_train_score,0.10533272475004196,0.1064327135682106,0.10947953909635544,0.10541480034589767,0.10735706984996796,0.11339984089136124,0.10626344382762909,0.11259769648313522,0.10630641132593155,0.10525273531675339,0.11163035035133362,0.10434695333242416
split47_train_score,0.10585835576057434,0.10263210535049438,0.10669855773448944,0.1043371930718422,0.10687706619501114,0.10705187916755676,0.1060214638710022,0.10881052166223526,0.10682697594165802,0.10655710846185684,0.10976949334144592,0.10420573502779007
split48_train_score,0.10735272616147995,0.10774169117212296,0.1049427017569542,0.10984716564416885,0.10329840332269669,0.11349878460168839,0.10866368561983109,0.10033831745386124,0.10318479686975479,0.10200875252485275,0.10732628405094147,0.10680559277534485
split49_train_score,0.10897736251354218,0.10669510066509247,0.10320115089416504,0.10533768683671951,0.11237508803606033,0.10638856142759323,0.1085294559597969,0.10843789577484131,0.10992145538330078,0.10571584850549698,0.10252293199300766,0.10362762212753296
split50_train_score,0.1087963804602623,0.1078161746263504,0.1072394922375679,0.10929911583662033,0.10719601809978485,0.10299591720104218,0.10299898684024811,0.11398538202047348,0.10694819688796997,0.10548505187034607,0.10732181370258331,0.10364045947790146
split51_train_score,0.11233999580144882,0.11127056926488876,0.10533232986927032,0.10546757280826569,0.10458648204803467,0.1062263771891594,0.10762148350477219,0.10599975287914276,0.11625654250383377,0.11271031200885773,0.10898928344249725,0.10844136029481888
split52_train_score,0.10151105374097824,0.10636548697948456,0.10891273617744446,0.10372599214315414,0.1102951243519783,0.10827995091676712,0.10274618864059448,0.10935341566801071,0.10146764665842056,0.10740142315626144,0.10340358316898346,0.10729651153087616
split53_train_score,0.10074727237224579,0.10956767201423645,0.1057664155960083,0.11027324199676514,0.10867510735988617,0.10863450169563293,0.10403360426425934,0.10659527778625488,0.1047772765159607,0.10514456033706665,0.11620497703552246,0.1078171506524086
split54_train_score,0.10739275068044662,0.10821817070245743,0.10854116827249527,0.10440155118703842,0.1104913204908371,0.11479667574167252,0.10704377293586731,0.11214292794466019,0.11349700391292572,0.1063295528292656,0.10911069810390472,0.10948139429092407
split55_train_score,0.10626931488513947,0.11020887643098831,0.1105758398771286,0.10757721215486526,0.10715624690055847,0.10808418691158295,0.10433623939752579,0.10746347904205322,0.10679777711629868,0.107915498316288,0.10382208228111267,0.10972118377685547
split56_train_score,0.1047036349773407,0.10472210496664047,0.10689537972211838,0.10814622044563293,0.10351816564798355,0.10459386557340622,0.10387775301933289,0.10667263716459274,0.11488792300224304,0.10293399542570114,0.10381270200014114,0.11304754763841629
split57_train_score,0.10716625303030014,0.11015947163105011,0.10537133365869522,0.1143091470003128,0.10990270972251892,0.10987644642591476,0.10716895014047623,0.11137836426496506,0.10394091159105301,0.10696004331111908,0.11553748697042465,0.10734264552593231
split58_train_score,0.10800502449274063,0.1038464829325676,0.1059998944401741,0.11426819115877151,0.10754738003015518,0.10872720181941986,0.1096499115228653,0.1066121831536293,0.10447955876588821,0.10710389167070389,0.1076311245560646,0.106350839138031
split59_train_score,0.10203377157449722,0.10625889897346497,0.1021457090973854,0.11164160817861557,0.10965286195278168,0.10505802184343338,0.1072627454996109,0.11533287167549133,0.10359805822372437,0.10663365572690964,0.10969214886426926,0.10441555827856064
split60_train_score,0.10842462629079819,0.11507363617420197,0.10398419201374054,0.10544558614492416,0.10802695155143738,0.10687623918056488,0.10950417816638947,0.10635847598314285,0.11452087759971619,0.1047956719994545,0.10772264748811722,0.10994140803813934
split61_train_score,0.10255580395460129,0.10307267308235168,0.10020404309034348,0.10112150013446808,0.1082368865609169,0.10166623443365097,0.10029082000255585,0.10347270220518112,0.11513524502515793,0.10178124904632568,0.10192970186471939,0.1027960330247879
split62_train_score,0.10736401379108429,0.10799706727266312,0.10893499851226807,0.10391856729984283,0.11309375613927841,0.10464104264974594,0.10478320717811584,0.10487359762191772,0.11954762786626816,0.11136504262685776,0.10901099443435669,0.10894840210676193
split63_train_score,0.10670186579227448,0.10295873135328293,0.11225162446498871,0.10885448753833771,0.10742055624723434,0.10381995141506195,0.11155091971158981,0.10266020894050598,0.10343847423791885,0.10667916387319565,0.10925233364105225,0.10630647093057632
split64_train_score,0.10768420249223709,0.11028111726045609,0.1058206632733345,0.10936025530099869,0.10586126148700714,0.10764491558074951,0.10316523164510727,0.10594601929187775,0.11262788623571396,0.1072855293750763,0.10403978079557419,0.10932697355747223
split65_train_score,0.10123936086893082,0.11340442299842834,0.10968314111232758,0.10944864153862,0.10866378247737885,0.10828014463186264,0.11298441141843796,0.10579737275838852,0.10937061160802841,0.10530995577573776,0.1045069694519043,0.10588467121124268
split66_train_score,0.10471995919942856,0.11086343228816986,0.11227766424417496,0.10245314985513687,0.10492333024740219,0.10664724558591843,0.10170008987188339,0.1059994101524353,0.10404202342033386,0.10559427738189697,0.10690521448850632,0.10874518007040024
split67_train_score,0.10379478335380554,0.10798151046037674,0.10390028357505798,0.10723241418600082,0.10695458948612213,0.10485439747571945,0.1032051146030426,0.10576368123292923,0.1036037728190422,0.10729540884494781,0.10959731042385101,0.11109086126089096
mean_train_score,0.10696270525017205,0.10684536583721638,0.10639049397671924,0.10763851772336398,0.1073713899754426,0.10669239796698093,0.10640626915675752,0.1073718705378911,0.10710425477694063,0.10660346148206908,0.10734799613847452,0.10664562497507124
std_train_score,0.0042144224179140625,0.002696145593919236,0.002822782559092688,0.003461158654144366,0.0035280708775102926,0.0033863887666752196,0.003421692699713252,0.00379911182649134,0.004109945688463304,0.0031286554459881407,0.0036825840188500496,0.002903719326045232
